acousticness,album_id,artists_id,danceability,disc_number,duration_ms,energy,id,instrumentalness,key,liveness,loudness,mode,name,playlist,popularity,speechiness,tempo,time_signature,track_number,valence
0.00168,7JggdVIipgSShK1uk7N1hP,"1wNYYqNhLKSdj2cIqp2B9V,0dCl6yIctSSX7XqDTG0vED,4O71i7ke5iIBX6RNSFoZbS",0.68,1,234653,0.813,1VfhO1GZsZmVrVWRP84iQK,5.74e-05,1,0.081,-5.672,1,Me Me Me - Trentemøller Remix,dataset,26,0.0379,120.03,4,9,0.915
0.366,5NKTuBLCYhN0OwqFiGdXd1,1aSxMhuvixZ8h9dK9jIDwL,0.481,1,269067,0.392,5YSI1311X8t31PBjkBG4CZ,0.0452,1,0.124,-11.381,1,Wuthering Heights,dataset,71,0.0312,124.572,4,6,0.52
0.439,0T5C5nZUcMAqpOSLucDC6n,0bwaKyQeHXTyMkDouMZ9zs,0.378,1,192453,0.425,30XCZtcaWi6PkSZ66PQmAG,0.00824,0,0.256,-12.747,1,Gambale Twist,dataset,14,0.0783,167.149,4,1,0.443
0.86,0ab5JnF8emGteBhcsLQPtz,"1FcH3hHeVuLnWNZnwQq29l,2rHPaRrsgoK3ixbLV8dhs2,6iCQomJORy2bN4R47rVTvP,24bcqIDy1kxGa9uTlSGe5x,2wpMuVMZaaCcJF1ulE60pQ,6Cvy4erQUG2CcOR3FSDN8U",0.448,1,143107,0.407,3idW7jNh4PIftLfF9SyNhw,0.728,0,0.108,-12.328,1,Uf,dataset,1,0.0352,80.056,4,6,0.0392
0.954,0ab5JnF8emGteBhcsLQPtz,"1FcH3hHeVuLnWNZnwQq29l,2A96gxja8kD56yL7PsDoEE,3TOsLT7R03JCAhMNADcfW0",0.435,1,142693,0.415,3r6csKVvkylpvLiIWdRZul,0.838,1,0.115,-12.636,0,M'ag o m'ad as,dataset,0,0.0392,127.456,5,13,0.232
0.798,0bMqrWz11OVKWS9uQgJmEi,"6ZAsAC5g3ijGHPCstECRkX,1wIPlER7isDabOSJw0bhAk,0SonizLa38tbB4kLIFlXdi,1FcH3hHeVuLnWNZnwQq29l",0.701,1,252373,0.713,6CsZ8xGaV6mA1YnNNy37ID,0.067,4,0.107,-5.504,0,Candu bolis,dataset,1,0.0305,112.029,4,8,0.607
0.0338,0bMqrWz11OVKWS9uQgJmEi,"6ZAsAC5g3ijGHPCstECRkX,1wIPlER7isDabOSJw0bhAk,0SonizLa38tbB4kLIFlXdi,1FcH3hHeVuLnWNZnwQq29l",0.729,1,190040,0.863,6pIufrldS0ObdSuOKhZv6V,0.0251,7,0.0803,-4.935,1,Mala manera,dataset,1,0.0318,123.967,4,3,0.584
0.0932,0bMqrWz11OVKWS9uQgJmEi,"6ZAsAC5g3ijGHPCstECRkX,1wIPlER7isDabOSJw0bhAk,0SonizLa38tbB4kLIFlXdi,1FcH3hHeVuLnWNZnwQq29l",0.712,1,199773,0.908,4Q0PgkvAVtgoeVXYlBW5bD,3.59e-05,0,0.665,-5.85,1,Chi no dd'acabu,dataset,1,0.205,170.032,4,2,0.96
0.578,4FAAuILSwtbCxMntAyVCRR,0bwaKyQeHXTyMkDouMZ9zs,0.675,1,245547,0.355,6p8NN93z7Z9AoLXUoGpdGP,4.16e-05,2,0.176,-15.406,1,Wisky Birra e Johnny Cola,dataset,6,0.0488,123.994,4,1,0.531
0.426,4FAAuILSwtbCxMntAyVCRR,0bwaKyQeHXTyMkDouMZ9zs,0.672,1,121520,0.441,5ArWMqAtHn7BX1dszMzU82,0.000511,4,0.321,-9.64,1,Non ho dormito mai,dataset,8,0.0328,129.591,4,2,0.963
0.0115,4RGZJf1z7kxlOz2mBFw3so,"6pq5tGhCB4WDJ9X3n8HseQ,1FcH3hHeVuLnWNZnwQq29l",0.695,1,203807,0.456,6ym1ZtOc4m6EgZfGEdVaTo,0.841,1,0.116,-13.07,1,Laikas meilei - Arrogalla S'ora De Stimai Dub,dataset,4,0.0548,136.553,4,10,0.493
0.583,0ab5JnF8emGteBhcsLQPtz,"1FcH3hHeVuLnWNZnwQq29l,2PQRrwPqtSuskENZ4srYu9,2rHPaRrsgoK3ixbLV8dhs2,2wpMuVMZaaCcJF1ulE60pQ,27CI4ZYttp4mtjQpFpGxBD",0.654,1,179773,0.298,3vhn4KEnqJdVAzsT6huYXW,0.00757,11,0.0897,-15.448,0,Is,dataset,3,0.171,161.658,3,12,0.268
0.099,0ab5JnF8emGteBhcsLQPtz,"1FcH3hHeVuLnWNZnwQq29l,0EkeJ6GVLK1AR4CxYsdNcq,0QFbEJKvK07HwzzDVmUo4h,2MfsilkTiFSCDIfWdVQTxP",0.735,1,134067,0.601,6PwWoGdbvKVglyPqFmG6vM,0.525,11,0.356,-10.57,0,Zte,dataset,1,0.1,110.043,4,7,0.368
0.011,0ab5JnF8emGteBhcsLQPtz,"1FcH3hHeVuLnWNZnwQq29l,24bcqIDy1kxGa9uTlSGe5x",0.587,1,206200,0.579,5UXPCmmKkEZGNA3SlmLH39,0.872,2,0.132,-11.019,1,Koi,dataset,1,0.0359,134.994,4,1,0.374
0.822,3VvHonnheur0qt4kKUFxbP,0GDacVSjt9x112n4HVyDue,0.351,1,203640,0.343,7rTv3h0OJcn4zHjXzltaFL,0.00252,9,0.86,-11.505,0,La guerra di Piero,dataset,0,0.0478,147.771,3,3,0.582
0.107,0bMqrWz11OVKWS9uQgJmEi,"6ZAsAC5g3ijGHPCstECRkX,1wIPlER7isDabOSJw0bhAk,0SonizLa38tbB4kLIFlXdi,1FcH3hHeVuLnWNZnwQq29l",0.662,1,243947,0.86,627wpEfeAkw4TGdyHd3tdQ,2.13e-05,7,0.233,-4.652,1,Agoa,dataset,0,0.116,134.965,4,10,0.322
0.355,640jM4slSZl91IHfX0CiWH,2caOYPej26UoQOyFnzXW3G,0.429,1,307680,0.219,2SvXqxiG2ntfkEWvuABT7u,2.69e-06,9,0.106,-14.25,1,Il mio canto libero,dataset,58,0.0471,133.837,4,8,0.0778
0.066,0bMqrWz11OVKWS9uQgJmEi,"6ZAsAC5g3ijGHPCstECRkX,1wIPlER7isDabOSJw0bhAk,0SonizLa38tbB4kLIFlXdi,1FcH3hHeVuLnWNZnwQq29l",0.829,1,179440,0.826,1ARaoMxi2evDYSY40yDULE,0.151,6,0.254,-5.365,0,Tropu po mei,dataset,1,0.197,155.992,4,7,0.609
0.0947,0bMqrWz11OVKWS9uQgJmEi,"6ZAsAC5g3ijGHPCstECRkX,1wIPlER7isDabOSJw0bhAk,0SonizLa38tbB4kLIFlXdi,1FcH3hHeVuLnWNZnwQq29l",0.82,1,194187,0.781,0BJdMnxVxPbhIkkOqUlFFg,0.375,10,0.0636,-5.867,0,Labai,dataset,1,0.0607,90.018,4,1,0.804
0.202,60szvcndZTCqG9E7GSAplB,6FXMGgJwohJLUSr5nVlf9X,0.489,1,459147,0.506,7eeEtLXBHuAjXoPBYajQT2,0.676,7,0.0916,-13.68,0,Everywhen,dataset,40,0.0318,156.775,4,3,0.0387
0.0778,5mAPk4qeNqVLtNydaWbWlf,6FXMGgJwohJLUSr5nVlf9X,0.855,1,261827,0.496,4tVhBXOhSlqYCL2IjyoUNu,0.451,5,0.12,-10.572,1,Blue Lines - 2012 Mix/Master,dataset,52,0.0824,95.494,4,3,0.947
0.167,5C6579KEvJj9AWaZtjSflC,"0PFtn5NtBbbUNbU9EAmIWF,7MSUfLeTdDEoZiJPDSBXgi,5S0AJvE9NB1kGrXRfYh690",0.194,1,261320,0.114,2FOZhjP4KGNWoLnUb7pkK1,0.923,2,0.0897,-23.124,0,Prophecy Theme,dataset,48,0.0457,85.074,5,9,0.0558
0.335,5C6579KEvJj9AWaZtjSflC,0PFtn5NtBbbUNbU9EAmIWF,0.235,1,84533,0.362,457i1Tmtmm2Z2XH6ILFPgE,0.0148,7,0.512,-15.81,1,The Floating Fat Man (The Baron),dataset,24,0.0435,104.665,4,6,0.109
0.179,1C30LhZB9I48LdpVCRRYvq,0uCCBpmg6MrPb1KY2msceF,0.577,1,322547,0.903,4bXkJxL5o6ro4iLmBAl80E,0.901,4,0.336,-9.162,0,Homeless,dataset,37,0.157,136.553,4,11,0.578
0.00079,47xaqCsJcYFWqD1gwujl1T,4Z8W4fKeB5YxbusRsdQVPb,0.582,1,449493,0.949,1AVrv7FD10FoKW38oBiKRg,0.606,7,0.0898,-7.958,1,Bloom (Blawan Rmx),dataset,22,0.154,123.999,4,14,0.0327
0.0906,16BF4fvjjxlzrdKrUl4k5F,602DnpaSXJB4b9DZrvxbDc,0.742,1,201333,0.0899,2CeqxyOZEyiL6pTDYZ9gPH,0.0,9,0.113,-19.187,0,Fever,dataset,65,0.158,137.473,4,6,0.351
0.813,1q2ErTOAW7U3cx1LqucD1a,38CPjAAqYV8lTYi6clzbjG,0.376,1,231467,0.368,5ViM2bwFjNqx6K7w1iFlOE,0.916,4,0.111,-19.084,1,Somewhere I Belong,dataset,52,0.0315,100.972,4,11,0.186
0.0166,06814vxpRbL5CPMk1CTvOk,2mVVjNmdjXZZDvhgQWiakk,0.589,1,234914,0.511,3uf5RwbZC29rMTyr6ZXX0H,0.89,0,0.125,-10.961,1,Shida,dataset,52,0.0333,139.1,4,10,0.896
0.838,7MeDqREJNAU5D80vI2xCol,3u9rbdcmA6CxjxOAkjaeFr,0.713,1,424080,0.347,7vfILe0geNdQ7ilJYF45SU,0.937,8,0.111,-11.871,0,Abusey Junction,dataset,63,0.0576,84.007,4,4,0.372
0.000728,6J1uOpuz9BCrysnl7hDRSS,6ap5FlXui4P9SWOKz98o9Z,0.483,1,171619,0.699,3Blaxlb5zTwBwTRrARb7di,0.179,5,0.315,-4.683,0,One Cup of Happiness,dataset,59,0.0501,99.945,4,1,0.568
0.11,5hEpJAnE6SPm4CDnjGt3OL,2mVVjNmdjXZZDvhgQWiakk,0.632,1,221219,0.396,0Jx3En8dPUt53P1gXyaOLZ,0.827,2,0.101,-12.926,0,The Number 4,dataset,50,0.0324,81.734,4,3,0.885
0.563,7At6mG0vv1DWLVuRrRr3S0,2mVVjNmdjXZZDvhgQWiakk,0.513,1,209025,0.393,230tKtsKM3eigmK2CtssAO,0.894,2,0.907,-13.338,1,A Calf Born in Winter,dataset,57,0.0305,82.616,4,1,0.513
0.533,7At6mG0vv1DWLVuRrRr3S0,2mVVjNmdjXZZDvhgQWiakk,0.655,1,219415,0.372,6fsrSoXQfD9kZUknVBGWS9,0.913,11,0.0972,-10.878,0,The Recital That Never Happened,dataset,48,0.0297,81.402,4,2,0.689
0.0867,5hEpJAnE6SPm4CDnjGt3OL,2mVVjNmdjXZZDvhgQWiakk,0.547,1,181225,0.537,3zUM8mxX7fMh3eSARfnazf,0.893,11,0.0979,-9.923,0,Master of Life,dataset,48,0.0321,84.959,4,1,0.709
0.224,5hEpJAnE6SPm4CDnjGt3OL,2mVVjNmdjXZZDvhgQWiakk,0.542,1,163962,0.518,1e5nuWd8w0ZQlgEA19okwE,0.858,1,0.0797,-11.332,0,The Number 3,dataset,49,0.0313,85.922,4,2,0.531
0.349,0609boj0n6y9QvmgeNcUzr,2uxy7shOeojRrRr9EwD2t7,0.403,1,263976,0.557,15Y7Dc86Wj6jMnwnuyza7j,0.00234,11,0.109,-7.842,0,Máquina del Tiempo,dataset,50,0.0447,203.928,4,2,0.319
0.0988,3yXIkSJWpudtgF0TZuB16U,2qwi0hBvI2GrbkurOnw3hZ,0.701,1,392593,0.779,45FAMJcFXi54enCDY0zUMy,0.844,7,0.363,-12.888,1,Via Sub Mids,dataset,34,0.0573,147.022,4,5,0.384
0.887,1pcsWOIF1jxRMaIdRhWHjG,6lHO1eGthNnos9KP2BH0cG,0.635,1,262093,0.225,2b6VK3Re0nON3sLFLK1qQa,0.597,6,0.116,-15.183,0,Lust,dataset,46,0.0536,118.816,4,1,0.141
0.129,5Azt3sbaFAcOEtWlnOOFyY,28Y1hMhuru402KjzFJDegi,0.831,1,307438,0.686,5dZ8vK6v8Q7esoixhk3VHD,0.516,6,0.0835,-8.945,0,Ahmad - Damiano Von Erckert Mix,dataset,15,0.076,120.966,4,2,0.465
0.00183,6fnEfAgnc4jJtCFnXJasII,6ofdjjT2rgq6wBJ82ipNtA,0.707,1,411669,0.826,0TItRkLPSTZT1EDtljR5hV,0.894,6,0.661,-9.996,0,Hellion,dataset,18,0.067,124.006,4,12,0.264
0.000641,6fnEfAgnc4jJtCFnXJasII,2VCxvHgk5rfMNf27Eraf68,0.552,1,372355,0.962,6caxyLDIKxYn8KUCnrKsgC,0.58,7,0.576,-7.486,1,Cuori Strapazzati,dataset,10,0.0476,122.003,4,18,0.442
0.398,6fnEfAgnc4jJtCFnXJasII,6rr6POhpIL25CJFS3o3Dym,0.679,1,309040,0.34,5B8cFNKxFAkxr4JGeJZITb,0.945,0,0.0853,-13.441,1,Before I Let You Go,dataset,16,0.03,107.986,4,4,0.449
0.0031,7sXufweikTP0DcDSBGwpoD,4ZbsxiS90Pj1gLeDv3A9mN,0.492,1,207520,0.939,21Ay8mJRYQuOMZp7qyQXl6,3.23e-05,7,0.109,-4.667,1,50 Special,dataset,60,0.0314,160.173,4,3,0.893
0.233,6C91Sp5eJ1LPEFuSoEf5vw,2caOYPej26UoQOyFnzXW3G,0.518,1,176240,0.527,4xq1trF0ztWPjtwlYkqAEw,0.0,9,0.14,-9.723,0,Dieci ragazze,dataset,49,0.0399,80.983,4,7,0.683
0.0238,26qaxSxlPcfjVDYKNxjLQn,1VPmR4DJC1PlOtd0IADAO0,0.803,1,133773,0.691,47FAjWMQY5StdXLA5TTAQQ,0.000254,1,0.111,-7.713,1,I Hung Myself For A Persona,dataset,53,0.154,140.072,4,2,0.179
0.0491,7Ct27tNvJQO4HSqDHi7QMQ,4Oov8BULUOBiX6UVpP04JW,0.598,1,215969,0.875,2snJVRH8IJToJRkfSI5Boq,0.00114,7,0.342,-5.66,1,Airwalkin',dataset,37,0.31,168.871,4,2,0.616
0.42,6QW0AjRzQmHoUxwT570bJX,"5Uy8Skuxzxf38jMDTndKIU,7rs7LuOnKkLjxj3Lr8J90k",0.764,1,197560,0.466,6QBxQiVY4ITJtwV7uGSDqw,0.914,10,0.0931,-9.786,0,Banda,dataset,18,0.0902,94.005,4,6,0.221
0.203,6QW0AjRzQmHoUxwT570bJX,"5Uy8Skuxzxf38jMDTndKIU,1C2Gz0VQuVWtaLWd54ujI5",0.751,1,493760,0.371,7eNSgICl11uh6hzLfDXV6d,0.869,6,0.15,-10.562,0,Flores no Mar,dataset,23,0.0538,126.017,4,3,0.0549
0.0145,5F7t2oVAxnazEU21nbUZGc,7EFB09NxZrMi9pGlOnuBpd,0.365,1,364647,0.69,5UDWg4WCYA3R5lydLVz1FO,0.534,11,0.222,-9.641,0,Hologram,dataset,35,0.0661,172.136,4,1,0.161
0.000397,6ymZBbRSmzAvoSGmwAFoxm,6zvul52xwTWzilBZl6BUbT,0.487,1,173173,0.885,3FzKPS0oVknVlCW3PhxIHl,0.347,5,0.0973,-12.005,1,Debaser,dataset,60,0.0427,135.516,4,1,0.579
0.0285,7JggdVIipgSShK1uk7N1hP,"5vpW1Chvuq7KHiDtlc9zeh,47hE4Qx5nJWMSivrAsBdzP,4O71i7ke5iIBX6RNSFoZbS",0.64,1,503697,0.604,3KwMztNS37mSdU5hV2VLQj,0.545,6,0.075,-8.789,0,The Mole - Trentemøller Remix,dataset,18,0.0547,96.97,4,13,0.0785
0.157,7JggdVIipgSShK1uk7N1hP,4O71i7ke5iIBX6RNSFoZbS,0.653,1,355960,0.675,7IYXmCRPfUbzxJNO1dlxmM,0.825,4,0.106,-13.308,0,Tide - Alternative Instrumental Version,dataset,18,0.0414,111.001,4,11,0.0939
0.00092,7JggdVIipgSShK1uk7N1hP,"2jYMYP2SVifgmzNRQJx3SJ,4O71i7ke5iIBX6RNSFoZbS",0.706,1,567533,0.621,6LJAWWFaQMGoA4mKL0qWZi,0.804,10,0.111,-11.079,0,The White Flash - Trentemøller Remix,dataset,20,0.0653,126.987,4,8,0.205
9.76e-05,7JggdVIipgSShK1uk7N1hP,"4O71i7ke5iIBX6RNSFoZbS,5J85JTgIYIUP276hmuIozn",0.711,1,398027,0.619,5l4MQxogdo6M0mG626ncnb,0.838,4,0.0874,-7.403,0,"Silver Surfer, Ghost Rider Go !!! - Andrew Weatherall Prinz Mix",dataset,22,0.0468,131.177,4,5,0.629
0.000329,3hbotlRkYXHeM4TitsgQin,0uCCBpmg6MrPb1KY2msceF,0.774,1,306640,0.592,7sjuBJuxCdCNymLJBIAKJK,0.898,0,0.134,-7.107,1,South London Boroughs,dataset,24,0.0831,136.951,4,1,0.619
0.05,3A1kutvBmC6czSsSv7aR5E,4IeWU3NYBI9mISFVhzXG8f,0.405,1,154326,0.972,4EHoVmJIqvuFjjf06vqBYn,0.000428,9,0.299,-5.111,1,Lampoon,dataset,35,0.196,188.066,4,9,0.59
0.0187,3A1kutvBmC6czSsSv7aR5E,4IeWU3NYBI9mISFVhzXG8f,0.19,1,251690,0.831,0wBK2hiRuFYcbp5SM6GJuP,0.32,4,0.374,-5.247,1,The Lick,dataset,37,0.0705,173.046,4,4,0.428
0.00301,4yyFE9FVXNayzv3v9boKDN,7EFB09NxZrMi9pGlOnuBpd,0.519,1,478493,0.825,6azqCTqRBYTyJh9geJ1HEG,0.735,1,0.103,-7.488,1,Sea Within A Sea,dataset,43,0.0322,144.019,4,10,0.415
0.553,34Pw4aKdO1TVOV74MpTnGb,3t7NdpIbIprOtDChVJ94DP,0.628,1,196534,0.62,1hdd4HKP7kqV5NOaDtFfnr,0.000874,5,0.167,-8.677,0,"Dio, come ti amo",dataset,47,0.0893,109.915,4,1,0.0966
0.0111,5uTI2HcpAywDP8Vo1DpJta,23NIwARd4vPbxt3wwNnJ6k,0.432,1,163413,0.817,7mVj1R3omIBoyFaMDV0fG4,0.0662,9,0.137,-3.162,1,Mardi Gras Beads,dataset,34,0.0343,118.688,4,4,0.604
0.0491,0j0djiGxLnBiW7meVc2PER,3C8RpaI3Go0yFF9whvKoED,0.472,1,252800,0.805,3f3HHRPF5vAo90GwdpDMaQ,0.0162,8,0.337,-5.793,1,Because I’m Me,dataset,61,0.086,94.922,4,2,0.512
9.24e-05,4PmfGftZJyCJJXfffejrZm,1N2FgBLehaq77UEdJhCt7f,0.694,1,543613,0.578,1eBCqRTfuaoki3C9W4hKal,0.555,7,0.295,-9.06,1,Only Love Can Break Your Heart - Andrew Weatherall Mix,dataset,35,0.0428,100.848,4,1,0.481
0.9,1vz94WpXDVYIEGja8cjFNa,5hW4L92KnC6dX9t7tYM4Ve,0.693,1,263480,0.201,7shVwhUdVbHpykOfbzvDc1,0.0,1,0.112,-9.903,1,A Case of You,dataset,69,0.0288,100.836,4,9,0.679
0.579,7JOdtLDLyXJIppDRB7kxr9,5hW4L92KnC6dX9t7tYM4Ve,0.611,1,134800,0.47,6UkMcAA19lTdjs22jtB7o2,0.0,4,0.581,-9.135,1,Big Yellow Taxi,dataset,71,0.0356,85.527,4,10,0.97
0.0945,6qAapBZqjiATXktzwBzzLC,"0VitAFMCI2apQxKzDjg1PU,2KXYAKQTxHuUHDtVgeGn6w,1gs79u8PKkWAW1yfymbkTt,0jdNdfi4vAuVi7a6cPDFBM",0.456,1,72133,0.885,2lWTk2SX6jvlgihqoWOhpt,0.0,0,0.367,-4.262,1,BLOODY BARS - STUDIOMOB (feat. Lazza),dataset,67,0.248,140.494,4,5,0.61
0.848,1dZ1YNQiR7LRMkrQydwy40,38CPjAAqYV8lTYi6clzbjG,0.471,1,321267,0.512,1FLOvSMfbnlpmlaYNI6Ogh,0.914,2,0.0988,-14.173,0,The Lady in the Moon,dataset,35,0.0467,87.919,4,6,0.491
0.181,3AQgdwMNCiN7awXch5fAaG,2x9SpqnPi8rlE9pjHBwmSC,0.644,1,259907,0.919,38Ngied9rBORlAbLYNCl4k,0.134,2,0.622,-6.289,1,Once in a Lifetime - 2005 Remaster,dataset,71,0.0561,117.459,4,4,0.871
0.677,3AQgdwMNCiN7awXch5fAaG,2x9SpqnPi8rlE9pjHBwmSC,0.744,1,273200,0.763,2hDMI3I7WGgHmP4EGAk7la,0.628,0,0.153,-10.399,1,Houses in Motion - 2005 Remaster,dataset,47,0.0643,101.838,4,5,0.963
0.215,3AQgdwMNCiN7awXch5fAaG,2x9SpqnPi8rlE9pjHBwmSC,0.734,1,349280,0.859,4eBCTzBsSjYgrLH5clQf2x,0.343,7,0.0823,-7.237,0,Born Under Punches (The Heat Goes On) - 2005 Remaster,dataset,56,0.0922,112.941,4,1,0.908
0.403,3AQgdwMNCiN7awXch5fAaG,2x9SpqnPi8rlE9pjHBwmSC,0.6,1,387560,0.869,35ljOibZSLEjOEPGrbaJsH,0.0205,10,0.0683,-5.591,1,The Great Curve - 2005 Remaster,dataset,49,0.0795,152.06,4,3,0.687
0.347,6ZgM0jM6nRUlK6wRXEONVc,73A3bLnfnz5BoQjb4gNCga,0.819,1,246507,0.599,73X9X7kDgsm4YeHpc8prf6,0.824,11,0.083,-6.778,1,Apricots,dataset,70,0.039,127.986,4,1,0.489
0.328,2QjhLePTnaWv2eBUbCwceA,0wwBxT2qVH327KlBJbwMEP,0.891,1,251720,0.445,3sj5y0QFI7D2hMoQXyTyFs,0.000426,9,0.242,-9.853,0,Nothing More to Say,dataset,43,0.0558,105.674,4,2,0.885
0.079,6qAapBZqjiATXktzwBzzLC,"0VitAFMCI2apQxKzDjg1PU,2KXYAKQTxHuUHDtVgeGn6w,1gs79u8PKkWAW1yfymbkTt,3hBQ4zniNdQf1cqqo6hzuW,5FkcU4BVzPptuB6AjobZIL,51ltJZ6rB893AdzgCxSOV3",0.507,1,146987,0.898,3CHiuPXn9ufDJhVy1xI4Jf,0.0,3,0.0835,-4.493,0,"MACHETE SATELLITE (feat. Salmo, Taxi B & Greg Willen)",dataset,71,0.477,142.828,4,1,0.527
0.0113,6w5N3oL83KiitLdFcCrzTj,4rfE3kN2zKNC9L9tt3iVOg,0.371,1,220538,0.921,6PtIXICwmoxCgLjw2zApDs,2.7e-05,9,0.43,-5.533,1,"Young Lady, You're Scaring Me",dataset,59,0.0784,109.675,4,1,0.508
0.00149,7mHmeFtsjrQ1BZT6d0OruX,"60yfafz0P3gqaUaOUIddae,1ChtRJ3f4rbv4vtz87i6CD,7wFDo161xYdeaiLz3KIHoM,21mKp7DqtSNHhCAU2ugvUw,2SrWifjYv7b5tR8EzEmn1x",0.594,1,313014,0.898,2F0ZLn3nqS6z9hD27qiDgX,0.825,2,0.118,-7.434,1,KNOW ME (feat. Gallant) - Cassian Remix,dataset,55,0.0332,125.004,4,1,0.0391
0.65,4q7ypBFqg35EiCWDbXsK8C,2SrWifjYv7b5tR8EzEmn1x,0.86,1,297904,0.503,4fHHSFn4eB1cxseLlNNzS9,0.113,6,0.124,-12.6,0,Do You?,dataset,48,0.0581,117.997,4,4,0.153
0.0649,06814vxpRbL5CPMk1CTvOk,2mVVjNmdjXZZDvhgQWiakk,0.582,1,286998,0.392,4z2XNXfoN8xnVP3rYdOU0l,0.92,4,0.645,-14.835,0,First Class,dataset,58,0.0376,83.057,4,1,0.603
0.00932,06814vxpRbL5CPMk1CTvOk,2mVVjNmdjXZZDvhgQWiakk,0.751,1,342189,0.49,4fMIe4htuvA8RoygYDFqO5,0.145,11,0.0725,-13.679,1,Time (You and I),dataset,66,0.0453,105.407,4,2,0.925
0.656,06814vxpRbL5CPMk1CTvOk,2mVVjNmdjXZZDvhgQWiakk,0.546,1,238216,0.259,4qh6Aw7Y7G4rxtRB3SUmqs,0.932,7,0.0781,-13.372,0,Dearest Alfred,dataset,53,0.0271,85.338,4,8,0.365
0.0569,06814vxpRbL5CPMk1CTvOk,2mVVjNmdjXZZDvhgQWiakk,0.582,1,270639,0.31,0Gcs85JHJPQCBSVqZrsyO5,0.878,1,0.563,-14.264,1,One to Remember,dataset,55,0.0444,149.174,4,7,0.865
0.0474,06814vxpRbL5CPMk1CTvOk,2mVVjNmdjXZZDvhgQWiakk,0.579,1,185165,0.449,4AihGF6dk12E3eGupierBT,0.856,7,0.108,-12.274,0,"Father Bird, Mother Bird",dataset,56,0.0329,82.654,4,4,0.576
0.661,2ZieYINaA8usZhjfwpFnlH,"3fZgTHf9UHEA1oLYLEhnk2,2aXNsQnRY9cyAcXDqXLL1F,7C7k2UEHadhnuwaiN4TSdU",0.81,1,213189,0.618,4bqTcIQAj0aqqyS5LzMVPx,3.93e-05,3,0.174,-7.265,0,Sit Back (feat. Truthos Mufasa & Black Josh),dataset,48,0.146,93.719,4,3,0.888
0.0764,7oL8vgqkkPnoQSmM3hddni,6uAcPBlZxLIzrTHuOaPqJZ,0.485,1,234614,0.862,4pUlFQTwa534kLdSGfL5vb,0.0,0,0.0785,-9.151,0,Bus Stop Jazz,dataset,39,0.422,113.106,5,1,0.6
0.00968,79hWOEtP2YmH9OpL1Aeo4w,6wq0ypfSKR1Baqi4qoJWsq,0.662,1,190187,0.682,50e8KL7TnyNKLaWfCSr0xf,0.821,8,0.584,-6.519,0,Blue Avenue,dataset,44,0.0304,94.008,4,20,0.422
0.172,79hWOEtP2YmH9OpL1Aeo4w,6wq0ypfSKR1Baqi4qoJWsq,0.701,1,317493,0.718,5RmxfYeyheGn4ExexjnKuy,0.0,9,0.106,-8.278,1,What's Real - Feat. Emanon,dataset,30,0.361,91.798,4,3,0.787
0.000132,20O6GKv8VfyvL4Gy0TAJs7,75mafsNqNE1WSEVxIKuY5C,0.198,1,179837,0.977,51js1dExwInVO163gghEHn,0.00247,11,0.266,-3.229,0,Anxiety,dataset,50,0.0616,170.154,4,4,0.315
0.000156,20O6GKv8VfyvL4Gy0TAJs7,75mafsNqNE1WSEVxIKuY5C,0.268,1,195568,0.881,39vG98RaRD15ipI7sImKID,5.74e-06,2,0.171,-3.548,1,Mr. Motivator,dataset,53,0.0597,158.701,4,3,0.387
0.00623,20O6GKv8VfyvL4Gy0TAJs7,75mafsNqNE1WSEVxIKuY5C,0.562,1,188716,0.537,6jYxxjpNcjglJbAyoxdNQO,0.0,7,0.316,-6.273,0,Grounds,dataset,56,0.073,100.757,4,2,0.465
3.39e-05,20O6GKv8VfyvL4Gy0TAJs7,75mafsNqNE1WSEVxIKuY5C,0.24,1,187451,0.956,2kYn0VPQY1iTY3XpCvUaPt,0.000752,0,0.0579,-3.335,1,War,dataset,58,0.07,93.486,4,1,0.205
0.000777,20O6GKv8VfyvL4Gy0TAJs7,75mafsNqNE1WSEVxIKuY5C,0.626,1,229579,0.867,67tybpBeEdUuHKnsZBR5FE,0.000315,10,0.518,-4.889,1,Kill Them With Kindness,dataset,49,0.0868,123.87,4,5,0.205
0.00312,20O6GKv8VfyvL4Gy0TAJs7,75mafsNqNE1WSEVxIKuY5C,0.47,1,234878,0.955,5Xr8dO5ALeh0r2LQv9kL8H,0.0,6,0.0924,-3.074,0,Model Village,dataset,54,0.0601,90.373,4,6,0.496
0.000176,20O6GKv8VfyvL4Gy0TAJs7,75mafsNqNE1WSEVxIKuY5C,0.374,1,230252,0.86,39OoMmnzRnoDBgunkGOcN0,1.07e-05,2,0.244,-5.893,1,Carcinogenic,dataset,48,0.0453,91.82,4,8,0.241
0.000137,20O6GKv8VfyvL4Gy0TAJs7,75mafsNqNE1WSEVxIKuY5C,0.426,1,242642,0.719,6xJV8Z5jYkETwIe610SlPW,0.0,7,0.0704,-1.264,1,Reigns,dataset,49,0.109,135.511,4,9,0.151
2.12e-05,5La9Xx2vJ84n8yngUVJri2,3Gaqw2nGyE7yM3rcRSzE3U,0.512,1,265587,0.81,5cjBttolslxyUQSSabanA8,0.808,9,0.113,-5.64,1,Bushmills,dataset,42,0.0377,131.94,4,7,0.036
0.0151,4Y4DmxtrWFCTPESgZ5qKJe,6HzVTgf7SWVWNo93bT5TEv,0.678,1,238156,0.535,0fira69E5qwYJNSvzEOCs7,0.0205,10,0.0969,-8.592,0,Les pensées,dataset,51,0.0392,97.975,4,1,0.0392
0.745,5yYe4JhfGHiTIPWs2AuoMJ,38CPjAAqYV8lTYi6clzbjG,0.397,1,263392,0.329,4XSI3iFlpthVzeGVpIx2vH,0.882,4,0.189,-12.585,1,Half the Day Is the Night - Remastered,dataset,8,0.0278,96.466,3,2,0.274
0.173,3Ge479ihnwoh8TAhihr85r,484sZUYmnRXN84zmk3GY1n,0.729,1,232853,0.319,3NQOBD3Og2sJyDkAssk4mW,0.381,9,0.0972,-12.791,0,Pink Panther Theme,dataset,27,0.564,119.995,4,1,0.58
0.158,5ckt4gstaOg1VlCqyLtrLT,484sZUYmnRXN84zmk3GY1n,0.737,1,316880,0.863,55frPzCdPGjCIZF3oZVFCV,0.00107,11,0.367,-9.703,1,Real Blues,dataset,45,0.0421,122.995,4,1,0.821
0.488,0YqCvOMhp8enM01an9Nntj,484sZUYmnRXN84zmk3GY1n,0.677,1,354716,0.959,7fUr8EpRc0AC4MCPMVPIgI,0.633,8,0.102,-10.251,1,Latin Note,dataset,44,0.0514,121.993,4,5,0.909
0.501,0YqCvOMhp8enM01an9Nntj,484sZUYmnRXN84zmk3GY1n,0.772,1,380498,0.451,1msXkHv84LKikJGKcfdGBu,0.7,0,0.213,-12.242,1,Sure Thing,dataset,62,0.0551,96.086,4,6,0.558
0.375,0YqCvOMhp8enM01an9Nntj,484sZUYmnRXN84zmk3GY1n,0.705,1,385677,0.649,38LpbjQx5XAA95pb7AGRnE,0.0102,11,0.099,-7.742,0,Montego Bay Spleen,dataset,48,0.0651,143.625,4,2,0.74
0.07,0YqCvOMhp8enM01an9Nntj,484sZUYmnRXN84zmk3GY1n,0.621,1,416566,0.807,1divptdjcWXvF1aflfTQnw,0.169,8,0.0737,-8.963,0,Rose rouge,dataset,60,0.0363,118.028,4,1,0.557
0.858,3QSRtkfas8Gr0vDByhFvkE,1yNOfXGQNGjAynk77wv85x,0.678,1,189507,0.272,5oyKFxTeInGiLn7MVTqmMR,0.0236,4,0.109,-10.415,1,Boogie Chillen,dataset,35,0.0525,149.128,4,1,0.378
0.933,4Es5UWdUtj8CYn99AqCWPo,1YzCsTRb22dQkh9lghPIrp,0.435,1,187813,0.106,4Djv64pynMBVRER1eWxxCH,0.0,8,0.278,-15.568,1,Trav'lin Light,dataset,32,0.0346,70.442,4,2,0.278
0.953,4Es5UWdUtj8CYn99AqCWPo,1YzCsTRb22dQkh9lghPIrp,0.316,1,224040,0.151,0iGu0ULXUSJRvXPCeEqHhO,0.0,0,0.125,-14.823,0,Lady Sings The Blues,dataset,32,0.039,181.775,3,1,0.263
0.943,7IudsICOiqekfeig8EZ5PE,1yNOfXGQNGjAynk77wv85x,0.605,1,188093,0.018,2LhGDIwDaIw6auSyLtlWuY,0.243,6,0.0938,-22.202,1,Come On And See About Me,dataset,19,0.0792,119.454,3,2,0.142
0.817,7IudsICOiqekfeig8EZ5PE,1yNOfXGQNGjAynk77wv85x,0.682,1,145027,0.0887,6vKjJqK3XRQsRn91dsUWAY,1.87e-05,6,0.119,-16.395,1,I Need Some Money,dataset,44,0.0681,130.75,4,1,0.307
0.862,7IudsICOiqekfeig8EZ5PE,1yNOfXGQNGjAynk77wv85x,0.741,1,316067,0.0527,58GtPyXz1kYE7LEGJrhEEW,0.00412,2,0.112,-21.508,1,I'm Wanderin',dataset,17,0.0396,97.98,3,3,0.368
0.494,6AToTGNfNIiOSMcl6xGJTY,1yNOfXGQNGjAynk77wv85x,0.746,1,184960,0.56,2dp14VWbIxOVNmaWKkVB1r,0.0,5,0.316,-14.789,1,"One Bourbon, One Scotch, One Beer",dataset,58,0.0565,124.68,4,8,0.854
0.0163,6dUvmAyjqJv11TAWNoxsBP,"0e6qzpphJHtObTSwD75mi0,318VpIRUWele6jD0k3ldkT",0.876,1,276600,0.731,1ubVPccf8Vb9mL0XYpVpCV,0.0926,1,0.101,-5.833,0,Fade Out Lines - The Avener Rework,dataset,63,0.0325,119.011,4,2,0.699
0.0635,6dUvmAyjqJv11TAWNoxsBP,"0e6qzpphJHtObTSwD75mi0,318VpIRUWele6jD0k3ldkT,5EGOerlVYxwqxaTLEWumBR",0.719,1,184533,0.835,68KXGQF5ncvuNDIwlBHNpI,0.718,1,0.0718,-6.154,0,Fade Out Lines - Radio Edit,dataset,31,0.0357,110.009,4,15,0.746
0.158,6dUvmAyjqJv11TAWNoxsBP,"0e6qzpphJHtObTSwD75mi0,3IVrpJxHeUFoYP4H6bxg57,1yNOfXGQNGjAynk77wv85x,37w38cCSGgKLdayTRjna4W,2L3kwZFd16zjHz9a5kEPAm,37PywjKNsxHji5F9eFODF2,3pEndDR2tczLfF3Rjpt5cC,5PrHzxc3kFm4hIrGNmelpX",0.516,2,3250760,0.726,5FH2dK89RFAs293DDuV31z,0.0386,6,0.0956,-7.301,0,The Wanderings of The Avener - Continuous Mix,dataset,43,0.0611,119.531,4,1,0.481
0.246,6dUvmAyjqJv11TAWNoxsBP,"1yNOfXGQNGjAynk77wv85x,0e6qzpphJHtObTSwD75mi0",0.818,1,205400,0.856,35mKWzraWktvQcTGfuAHbV,0.386,11,0.115,-5.294,0,It Serves You Right To Suffer - The Avener Rework,dataset,43,0.0935,106.785,4,7,0.785
0.62,3H0HdocoAAEEfiDfcRZauz,1yNOfXGQNGjAynk77wv85x,0.441,1,152351,0.455,2Mr1bGI2E10K7Mt1UJZ6Mw,0.00187,10,0.135,-14.207,1,Boom Boom,dataset,60,0.0485,160.9,4,1,0.918
0.00757,6R7CVG0kOF7h0NLg10ezpZ,"65dGLGjkw3UbddUg2GKQoZ,6qgnBH6iDM91ipVXv28OMu",0.783,1,200438,0.425,6iPEiWr7OSz8qyu9wJPOtX,0.943,11,0.0727,-8.377,1,Lavender,dataset,40,0.035,99.05,4,5,0.321
0.102,2IjEb3Ob7GHEpLwSgaWJiX,"1FvjvACFvko2Z91IvDljrx,65dGLGjkw3UbddUg2GKQoZ",0.591,1,360502,0.321,70bx1d7tQbVm768tZKbRhn,1.12e-05,0,0.0841,-9.202,0,Drowning,dataset,50,0.0814,133.8,4,6,0.0795
0.247,5yYe4JhfGHiTIPWs2AuoMJ,38CPjAAqYV8lTYi6clzbjG,0.43,1,338794,0.508,237YZd41xs9GglibyQxVrx,0.675,8,0.107,-8.68,1,Galatea's Guitar - Remastered,dataset,24,0.0732,85.173,4,1,0.0739
0.738,4TP4fxDJUhtN1DrQRAnG7C,4rIDY3ojaWd7Z9ky9SFc1g,0.7,1,164933,0.341,7dUCFnaGSWLH6SdDP08NLP,0.0,4,0.345,-9.454,1,Enormous Penis,dataset,56,0.0955,118.958,4,10,0.567
0.0975,4I7uuSfSkHKJjrr1vpu4mi,0p5axeJsbtTCXBrRVoKjwu,0.451,1,209562,0.853,0i8L29BjOvNobxx8mg3zVe,0.029,8,0.279,-8.232,0,In The Cold,dataset,37,0.0507,170.018,4,11,0.168
0.321,6z8arLj8lWDoxk99ayMYlz,3AA28KZvwAUcZuOKwyblJQ,0.719,1,192507,0.916,2B8lQXfBQ2kC3QNRwFds6g,0.248,1,0.198,-4.312,1,Left Hand Suzuki Method,dataset,33,0.209,94.495,4,9,0.587
0.736,75mOIzgjMsFLN5hyQlpsy8,"0cmWgDlu9CwTgxPhf403hb,5WcgyMkdfILvNCPTavIINv",0.4,1,185889,0.553,6tqAkUVWAjqTzT363IzgCw,0.365,4,0.248,-9.394,0,Get Thy Bearings (feat. Szjerdene),dataset,44,0.0522,75.926,4,3,0.453
0.964,3Ih8NWQfxpZAFWlYbJTuWV,3rxeQlsv0Sc2nyYaZ5W71T,0.529,1,173827,0.172,0vp54OXTLdzKMAj1x8w8X8,0.000677,10,0.149,-18.079,1,You're Driving Me Crazy,dataset,30,0.0409,142.466,4,3,0.495
0.977,3Ih8NWQfxpZAFWlYbJTuWV,3rxeQlsv0Sc2nyYaZ5W71T,0.422,1,303627,0.0336,4YTXCgz8veqe9fC0tDR6B1,0.00919,5,0.108,-25.33,0,I'm Old Fashioned,dataset,43,0.0365,133.674,4,2,0.2
0.00132,00oRZEMdefGTngzxWArYfs,46MWeeHNVMYRIIofQBEX98,0.905,1,155297,0.453,2mfVW6i0el4OEHB67fiPb5,0.0873,1,0.112,-11.888,1,UNDA ARMOR,dataset,56,0.16,147.038,4,4,0.243
0.159,7EHu93TNC8SAvYl7lMeQ6p,039zhJoEkboZ8Ii6K40Fb6,0.801,1,182297,0.527,5lUnRfuxQe2nQ7NGgbThPe,0.000365,2,0.101,-9.369,0,Prey,dataset,46,0.0944,140.005,4,1,0.477
0.839,6JgRuGcjvkFmbqHlcuD6wv,6d1HqiWNEKV9zFqQM9WeYo,0.79,1,254698,0.374,4CjEkkRMMKY2ROy21bFNrc,0.864,6,0.0548,-9.576,1,Down the Line - It Takes a Number,dataset,48,0.332,88.009,4,3,0.325
0.88,12n11cgnpjXKLeqrnIERoS,319yZVtYM9MBGqmSQnMyY6,0.474,1,308973,0.263,1qhp5owrFGeZ5Jgin28nwR,4.45e-05,8,0.123,-10.684,1,You've Got a Friend,dataset,69,0.0336,168.683,4,7,0.458
0.0213,0VG7XLJ8gSynEQDVnpHNNU,6kBDZFXuLrZgHnvmPu9NsG,0.708,1,459280,0.938,3Bp478Itxv8gxqqEcf8HRL,0.902,3,0.0693,-9.969,1,Acrid Avid Jam Shred,dataset,41,0.0579,80.928,4,1,0.785
0.122,2tm3Ht61kqqRZtIYsBjxEj,"1G9G7WwrXka3Z1r7aIDjI7,5nLYd9ST4Cnwy6NHaCxbj8",0.826,1,247560,0.828,4hH99pmXR4tTUtVAdMf0kZ,0.0,6,0.134,-6.795,1,Slum Beautiful (feat. Cee-Lo),dataset,37,0.255,159.839,4,22,0.872
0.0105,2tm3Ht61kqqRZtIYsBjxEj,1G9G7WwrXka3Z1r7aIDjI7,0.746,1,237160,0.697,1ZosUXeZM3qlTWdL1uTrhm,0.0,7,0.0459,-7.104,1,Spaghetti Junction,dataset,46,0.233,96.716,4,8,0.452
0.0281,2tm3Ht61kqqRZtIYsBjxEj,1G9G7WwrXka3Z1r7aIDjI7,0.725,1,240027,0.64,6glsMWIMIxQ4BedzLqGVi4,0.0,5,0.099,-7.905,0,"So Fresh, So Clean",dataset,69,0.332,166.028,3,4,0.915
0.778,3md6pM7GoNvwOlwlHTzvvs,7dsugSamBB7enWE2IrlbFg,0.465,2,955027,0.344,0CYqAgOnGYAjGNcyx3lTkH,0.0323,9,0.643,-11.563,1,Tritezas de un Doble A,dataset,17,0.0569,96.139,4,1,0.298
0.808,3md6pM7GoNvwOlwlHTzvvs,7dsugSamBB7enWE2IrlbFg,0.425,2,690973,0.142,1F0WAZRNhCI5XIBhAfolGS,0.444,2,0.703,-13.568,1,Contrabajisimo,dataset,16,0.0745,137.111,4,4,0.181
0.182,1MqfDlvMsk6xQwISk0FYYV,677NtrMPiyPumrSUs8lBKk,0.759,1,262667,0.682,73w3gEb8Y5GvNHzhg2Ph93,0.0105,5,0.187,-10.141,0,Astor,dataset,0,0.0474,125.064,4,2,0.86
0.105,3UbwOC1OgkpGXI2nUaj8cm,"36zSkwftotDHslP3KUQpew,1KeJhR0ENFviw187pD4LPT,5LhTec3c7dcqBvpLRWbMcf,1AEcpjnSCmm53IBZQo3g9z,4BcZZF75gPGkjqAip062Be",0.78,1,172853,0.554,1G0nAGzDgP80qRdvDq76u4,3.75e-06,9,0.0628,-10.545,0,Peroxide,dataset,26,0.466,92.942,4,3,0.625
0.205,0DI27qIRQRFkXrMvHxj9yh,"0kbYTNQb4Pb1rPbbaF0pT4,5cM1PvItlR21WUyBnsdMcn,5SyCTZ8X8YQCI0J1VRp4iC",0.785,1,203680,0.624,185ciwUe4FUDPG7VHFNzcv,0.0,7,0.107,-9.984,1,Violets (feat. Phonte),dataset,49,0.272,91.835,4,5,0.356
0.0266,0DI27qIRQRFkXrMvHxj9yh,"0kbYTNQb4Pb1rPbbaF0pT4,5cM1PvItlR21WUyBnsdMcn,7IfculRW2WXyzNQ8djX8WX",0.704,1,449773,0.481,1q2Jzd23O49Crk91Rijl7Y,0.0748,7,0.0829,-10.643,1,Maiysha (So Long) (feat. Erykah Badu),dataset,43,0.0323,118.787,4,4,0.47
0.0396,3qr4pTBWEU1SVf01j6RAx3,7IfculRW2WXyzNQ8djX8WX,0.762,1,226133,0.403,0tNuJpBgtE65diL6Q8Q7fI,0.0113,11,0.256,-10.423,0,On & On,dataset,69,0.158,80.476,4,2,0.346
0.00437,5AqA9sP5nWY0Q4ysvpJOdo,"6UCQYrcJ6wab6gnQ89OJFh,2p1fiYHYiXz9qi0JJyxBzN,2AR42Ur9PcchQDtEdwkv4L",0.787,1,229108,0.855,7JvuiP16UTKCnieS9E2Bg3,0.00218,1,0.0565,-8.152,1,Back to Basics (feat. Skepta) (Floating Points Remix),dataset,53,0.122,139.184,4,1,0.592
0.2,5uvoX0fFiT1QFpZXntsI3j,3SXwqSqAoBz9WCI9PDQzY6,0.657,1,271107,0.716,4xCA8KYdeVe3AmTTEYJtVp,0.000728,9,0.173,-7.76,0,I Don't Belong,dataset,54,0.0264,112.045,4,1,0.513
0.00491,5uvoX0fFiT1QFpZXntsI3j,3SXwqSqAoBz9WCI9PDQzY6,0.302,1,258253,0.917,0sxx8bEWlTBmbw0X1Abgc3,0.0,2,0.129,-4.131,1,A Hero's Death,dataset,55,0.071,197.964,4,7,0.442
0.00811,5uvoX0fFiT1QFpZXntsI3j,3SXwqSqAoBz9WCI9PDQzY6,0.37,1,250267,0.895,3rq8wrt867MobyQuum2TBp,2.97e-05,11,0.0993,-5.501,1,Televised Mind,dataset,55,0.0902,140.818,4,3,0.268
0.729,5uvoX0fFiT1QFpZXntsI3j,3SXwqSqAoBz9WCI9PDQzY6,0.593,1,152853,0.241,63OX9HqfmiNFhpMs7uCnCO,3.09e-06,6,0.0899,-12.123,1,Oh Such A Spring,dataset,46,0.0339,141.017,3,6,0.16
0.437,6RzHkOZpf1KQ277WlFVUD3,"67QjO1hSxmYnra5p51qjig,18x7cMASHAS2NJ4kcLJa1u",0.482,1,311610,0.746,4NBVxgAjGBJtmivNnu6mug,0.947,2,0.127,-8.283,1,Sister - Club Mix,dataset,27,0.0275,146.018,4,1,0.121
0.316,6z8arLj8lWDoxk99ayMYlz,3AA28KZvwAUcZuOKwyblJQ,0.701,1,269733,0.594,7qfdK8Pyi8YViFYpeVgEqi,1.53e-06,5,0.043,-8.393,0,The Sounder,dataset,33,0.293,172.148,4,4,0.74
0.0762,6z8arLj8lWDoxk99ayMYlz,3AA28KZvwAUcZuOKwyblJQ,0.742,1,183640,0.815,6P1SNP4w09zcvdt4oytb5d,0.00145,2,0.204,-6.603,1,Rock the House,dataset,53,0.179,171.918,4,3,0.637
0.00308,6z8arLj8lWDoxk99ayMYlz,3AA28KZvwAUcZuOKwyblJQ,0.616,1,292467,0.701,4UwwYVL0qtaTedgQJQsd3p,0.000578,11,0.0909,-10.552,1,Clint Eastwood - Phi Life Cypher Version,dataset,31,0.233,168.059,4,6,0.557
0.00786,6z8arLj8lWDoxk99ayMYlz,3AA28KZvwAUcZuOKwyblJQ,0.633,1,234507,0.574,59Hg5EqbcJFYlzwVIalAaQ,0.00172,2,0.0707,-9.275,1,Ghost Train,dataset,36,0.0777,145.098,4,7,0.522
0.00376,6z8arLj8lWDoxk99ayMYlz,3AA28KZvwAUcZuOKwyblJQ,0.764,1,281467,0.5,5P0yCN34eDqbDdDFEICseA,0.824,9,0.15,-12.736,1,Dracula,dataset,32,0.0356,121.607,4,2,0.287
0.00446,6EgGBFTnsLi1WZaHDtpeie,2mLA48B366zkELXYx7hcDN,0.792,1,398598,0.818,5xwzmfxNAxZwMjznQ0eVXL,0.724,8,0.0652,-8.563,0,Starry Night - Original Mix,dataset,62,0.0363,123.007,4,1,0.898
0.655,5CnZjFfPDmxOX7KnWLLqpC,6FXMGgJwohJLUSr5nVlf9X,0.427,1,229067,0.404,7FKhuZtIPchBVNIhFnNL5W,0.349,10,0.0863,-18.492,0,Three,dataset,44,0.0618,217.927,4,3,0.0803
0.00545,5CnZjFfPDmxOX7KnWLLqpC,6FXMGgJwohJLUSr5nVlf9X,0.801,1,316440,0.536,46bTgJAQkrkNRxMuFnpRyD,0.183,11,0.204,-14.334,1,Karmacoma,dataset,57,0.224,141.068,4,2,0.667
0.485,1Ub34iySvUKpXmgwnHhIq9,"6hhA8TKRNryM8FNzqCqdDO,0yz9lVc98Tji7yjwkUe7l7",0.682,1,206907,0.158,1myLAibxYp9eIqMNIju7E3,0.84,6,0.107,-13.428,0,Like a Stone,dataset,39,0.0309,74.969,4,9,0.27
0.598,1Ub34iySvUKpXmgwnHhIq9,"6hhA8TKRNryM8FNzqCqdDO,0yz9lVc98Tji7yjwkUe7l7",0.797,1,136547,0.376,7lWVGjAIuksAjXKxmC5M71,0.646,7,0.106,-13.752,1,Chills Me to the Bone,dataset,37,0.111,158.792,4,6,0.675
0.926,1Ub34iySvUKpXmgwnHhIq9,"6hhA8TKRNryM8FNzqCqdDO,0yz9lVc98Tji7yjwkUe7l7",0.538,1,97907,0.0713,1CSCelqjIlij7323g2ZtU0,0.297,0,0.111,-17.64,1,Close Now,dataset,36,0.0348,105.884,4,2,0.0897
0.395,1Ub34iySvUKpXmgwnHhIq9,"6hhA8TKRNryM8FNzqCqdDO,0yz9lVc98Tji7yjwkUe7l7",0.757,1,131800,0.182,0IcAQECgplKHDz6gse5JKY,0.895,6,0.111,-17.171,0,Thinking Of,dataset,40,0.211,75.568,4,1,0.162
0.852,1Ub34iySvUKpXmgwnHhIq9,"6hhA8TKRNryM8FNzqCqdDO,0yz9lVc98Tji7yjwkUe7l7",0.612,1,203707,0.286,12hXbHBh7GRFkWIH5uVsE6,0.0992,0,0.116,-15.247,1,Hate this Pain,dataset,35,0.0473,83.57,3,5,0.0943
0.0167,1Ub34iySvUKpXmgwnHhIq9,"6hhA8TKRNryM8FNzqCqdDO,46CuxapoPjUfIOiXdNq7qM",0.84,1,171627,0.47,2H5Dflw92f2HoXBHqlLmwN,0.0122,4,0.0939,-9.548,1,I’m in the Doorway,dataset,40,0.0615,139.212,4,4,0.819
0.755,1Ub34iySvUKpXmgwnHhIq9,"6hhA8TKRNryM8FNzqCqdDO,46CuxapoPjUfIOiXdNq7qM",0.813,1,104040,0.252,07w7sL1ndK4hC8crqpZTDd,0.667,7,0.128,-14.232,0,Running Off,dataset,37,0.0556,84.576,4,3,0.762
0.197,600ClrWRsAr7jZ0qjaBLHz,"73sIBHcqh3Z3NyqHKZ7FOL,1URnnhqYAYcrqrcwql10ft,4ZhFCxPekpmV12n2xMeF2z,6sqZoZxe9BQwk7Zxh6STfF",0.691,1,392187,0.524,011ZwIM48eD8ee2UBpG8nK,4.29e-05,5,0.488,-9.718,1,"12.38 (feat. 21 Savage, Ink & Kadhja Bonet)",dataset,65,0.16,164.047,4,4,0.41
0.0117,600ClrWRsAr7jZ0qjaBLHz,"73sIBHcqh3Z3NyqHKZ7FOL,66CXWjxzNUsdJxJ2JdwvnR",0.621,1,367293,0.538,2Aq78kKI9yuloJQkcbhQbU,0.0189,10,0.583,-9.307,1,Time (feat. Ariana Grande),dataset,57,0.0401,85.977,4,3,0.311
0.036,600ClrWRsAr7jZ0qjaBLHz,73sIBHcqh3Z3NyqHKZ7FOL,0.715,1,212107,0.649,07FOCFJhMmCVQDyWX1d3gR,0.0199,2,0.0795,-11.294,1,Algorhythm,dataset,56,0.109,100.077,4,2,0.478
0.00766,4G50FUTTI4fCDyrxP1UEer,6eXZu6O7nAUA5z6vLV8NKI,0.608,1,217657,0.648,77b2yZAntQiQjgrp4TRUHc,0.000126,4,0.206,-7.759,1,No More Wonderland,dataset,34,0.0462,124.211,4,15,0.354
0.0745,6Vs7bJcWtuyriFn0ol16lX,2MPHBxznH1fj59jbOWY38u,0.683,1,146000,0.861,4wUkSzBjXOPCxH0RCG2GaE,0.000639,4,0.183,-6.614,0,Come Meh Way,dataset,54,0.0975,159.989,4,2,0.744
0.393,1weDKnsUBvJMN9sdlaqC2W,5z9wLR0RGBcWMXr4fCZW0K,0.684,1,203240,0.638,2ZfVt2skRwfEq1Wb3D7GmP,3.5e-06,9,0.103,-8.279,0,Hu Man,dataset,62,0.0585,126.959,4,1,0.692
0.75,7FJKoKn7zy2OET6KtiJJp7,4kIwETcbpuFgRukE8o7Opx,0.606,1,221804,0.589,4S6PolgPZ5OLph314ww8Fg,0.0102,7,0.0922,-7.194,0,Eugene,dataset,69,0.0456,174.285,4,1,0.889
0.02,5c7XChrHxYaqykCZLaGM5f,"29XOeO6KIWxGthejQqn793,67OokTsDsLUvJI6oIxCigq",0.492,1,181547,0.662,4HyhcY8J1NWnOu1YjUwy6h,9.55e-06,4,0.757,-6.15,0,Table Tennis,dataset,32,0.0568,128.723,4,16,0.149
0.469,5c7XChrHxYaqykCZLaGM5f,29XOeO6KIWxGthejQqn793,0.326,1,117173,0.592,1Pv5j7BtAEDnuvdHNyuOtC,0.502,8,0.392,-10.657,0,German Haircut,dataset,32,0.0636,74.423,5,12,0.201
0.000613,5c7XChrHxYaqykCZLaGM5f,29XOeO6KIWxGthejQqn793,0.685,1,118320,0.989,1yPmVRjVjyJ9CPVlXx5Wfb,0.00167,0,0.0991,-3.211,1,Nose Art,dataset,36,0.317,76.972,4,3,0.522
0.292,5c7XChrHxYaqykCZLaGM5f,29XOeO6KIWxGthejQqn793,0.218,1,74760,0.554,61z0V2sucJ90PkegVA0up3,0.0526,9,0.133,-7.744,0,Intro//A Cosmic Drama,dataset,37,0.0324,62.156,5,4,0.131
0.0505,5c7XChrHxYaqykCZLaGM5f,29XOeO6KIWxGthejQqn793,0.722,1,237920,0.828,6psC59ooTxage8npmtg74G,0.0,8,0.114,-3.227,0,Do The Astral Plane,dataset,50,0.19,117.693,4,10,0.275
0.451,6zypkKOkyeuVUOAZYBm5Ab,"3VwKSHAfgzV1DOHV0aANCI,3jK9MiCrA42lLAdMGUZpwa",0.628,1,210449,0.601,1HL90u8MrrXtqNonXYN5of,0.0228,5,0.128,-8.452,1,Realla,dataset,44,0.0505,129.98,4,4,0.235
0.0649,5FY4fAq3HOX4Y3HInvMzGn,6y80I9YZi4DOpbaSUlL725,0.593,1,339130,0.797,77T5Z94dVeUY7CQeYXSeO6,0.933,10,0.124,-7.23,0,Misanthrope,dataset,34,0.0449,92.009,4,3,0.0362
0.0296,5FY4fAq3HOX4Y3HInvMzGn,6y80I9YZi4DOpbaSUlL725,0.304,1,203856,0.6,625LTz2jyRGGeyPnY8Lihh,0.703,8,0.148,-6.907,1,Looking at Plants,dataset,31,0.0521,82.412,4,2,0.0986
0.00152,6nugwf8R0ojxx14K82SbBd,6jU2Tt13MmXYk0ZBv1KmfO,0.641,1,506160,0.648,3CgonfeyRh23O9F4aKiIbW,0.87,7,0.0645,-13.379,0,Chase,dataset,53,0.0298,125.368,4,1,0.965
0.399,0UyNc1FaDzkzcBlLsDASJA,"4Js9qeA7KMFyjBYHEjFaeJ,65dGLGjkw3UbddUg2GKQoZ",0.546,1,354244,0.398,3ZOKwVcjcHVNqnOABO0pUA,0.0262,6,0.11,-9.225,0,Key to Love (Is Understanding) feat. Jonah Yano,dataset,52,0.0288,127.307,4,1,0.442
0.118,0hUkhejPtLw2RS6L2Hjtne,"5JHYuwE2n7bleXMUsmtCW5,2XEe5tiTUJbMnBQbaFWguL,0XncfxE1QfxyHrFDvrXMWc",0.722,1,146791,0.926,26jmuQ1hWOEZa5YQoMB5lP,0.897,0,0.188,-7.887,1,Redoma (Adubada),dataset,19,0.0946,99.985,4,8,0.472
0.69,0hUkhejPtLw2RS6L2Hjtne,"5JHYuwE2n7bleXMUsmtCW5,2XEe5tiTUJbMnBQbaFWguL",0.479,1,288128,0.805,4ihEi1lVs6o6YKT6GWyxnr,0.866,1,0.357,-8.399,0,Navio (Adubado),dataset,20,0.184,161.922,4,7,0.776
0.113,0hUkhejPtLw2RS6L2Hjtne,"5JHYuwE2n7bleXMUsmtCW5,2XEe5tiTUJbMnBQbaFWguL,1W1k6LUPDR0l4zwvKR4YLI,0ZeTpaHiNCZFAuQ7v1fZ7Z",0.694,1,174539,0.82,3qdalnFVTJdRheIRZyuNmP,0.897,4,0.147,-7.885,0,Sonar (Adubado),dataset,39,0.048,99.922,4,5,0.588
0.338,0hUkhejPtLw2RS6L2Hjtne,"5JHYuwE2n7bleXMUsmtCW5,2XEe5tiTUJbMnBQbaFWguL,6wH6iStAh4KIaWfuhf0NYM",0.788,1,251477,0.89,2c7swkInPsC9O4C9bNKEfN,0.795,7,0.119,-7.302,0,Sulamericano (Adubado),dataset,22,0.0755,89.994,4,4,0.856
0.0735,5VMwAEtDGtNchZp8PCnx50,6jq7GptAwkoFiunDhZYqQ2,0.646,1,204960,0.428,2Ocfrk1syda141tYv7v9lr,0.0,5,0.132,-8.521,1,Out of Time Man,dataset,59,0.0357,141.904,4,9,0.447
0.134,76BZ7Sf6cZOweCJNHB0uiY,"6E8vZ5lkpXbXlkgHhbVJSl,223se9o877Y4jHzwlDcGNx",0.759,1,300722,0.481,6lkBUo1eF422uPCrFJrVEQ,0.0518,11,0.678,-10.414,0,Ilaló,dataset,56,0.0452,95.035,4,2,0.116
0.00443,33efhm9KDfrsTq3S5CV9Ve,44F8g3iM4NgU5cisocTlTQ,0.782,1,374721,0.662,4lOer7BBfkI68tyh7bdcgp,0.864,11,0.0936,-10.206,0,Pain Collection,dataset,9,0.0527,112.994,4,2,0.852
0.0834,1zqXOHxs3vAxhpzklz2jwa,"44F8g3iM4NgU5cisocTlTQ,0RqwV2D7pE9Pzjr0JCEMlU",0.778,1,388164,0.631,0dSN6PU4grLO2r45QDsIIa,0.63,0,0.135,-7.247,1,Dévoué - Manfredas Remix,dataset,37,0.0258,105.981,4,4,0.327
0.0024,33efhm9KDfrsTq3S5CV9Ve,44F8g3iM4NgU5cisocTlTQ,0.736,1,388226,0.581,4tNw88hSA2aCKMLcNi0LgY,0.91,1,0.0989,-12.652,1,Walls Of Jericho,dataset,3,0.0431,120.016,4,3,0.0266
0.0567,64altPXDNN3HLiKrQ7Nmil,5XqyqoLZXA69lCNyBT3f89,0.451,1,478915,0.67,6GPRv6A2EWzq3ZjizJAIbV,0.847,1,0.154,-11.46,1,No Más,dataset,21,0.0559,121.062,4,3,0.644
0.00679,7B6Jr6YFwOk8ShwfTXXY5k,6LHsnRBUYhFyt01PdKXAF5,0.755,1,352240,0.591,6Ae5fUk4VVYF5zNLWZ7dFt,0.433,11,0.11,-8.063,0,Love We Found,dataset,50,0.0486,117.28,4,1,0.171
0.202,7B6Jr6YFwOk8ShwfTXXY5k,"6LHsnRBUYhFyt01PdKXAF5,28j8lBWDdDSHSSt5oPlsX2",0.649,1,352000,0.845,0tcNM9PPdMYv9S3tjuZSyV,0.749,7,0.201,-8.178,1,Desire,dataset,47,0.056,119.992,4,3,0.294
0.792,0rrr4SP4dOoCynCyPFxA9j,5e5DeHuHjgcj0DbdrdYKMo,0.886,1,386240,0.241,5zfR5yKsmAiyiH6AbaNiOY,0.444,8,0.105,-16.655,0,King in My Empire,dataset,43,0.0598,126.011,4,1,0.726
0.952,0p9pjx1LrmYBb70ns5lMGz,"795yvukGj0UOfcP8uftDq9,7IbO8NvxclKsk7WTOZ42bv",0.279,1,233760,0.0645,6ODPjpvfT7KurXEVmMU0ZD,0.63,10,0.0897,-19.106,1,Again Never,dataset,23,0.0338,78.049,3,4,0.201
0.144,0pdYY0CHFRVFLBZEPEKTMZ,"3AA28KZvwAUcZuOKwyblJQ,37uLId6Z5ZXCx19vuruvv5",0.816,2,429667,0.578,5fCRwfy0oON0I34xxHWels,0.416,11,0.0955,-8.532,0,Kids with Guns - Hot Chip Remix,dataset,34,0.0398,113.994,4,5,0.888
0.05,5dmbsfSHH8FmhxtCIHA4z0,0h1gX589xBKUCijeC8Bewy,0.716,1,358792,0.691,79GqAl8jlVALKUj7eQRe9C,0.618,10,0.11,-9.952,0,"1,618",dataset,42,0.0367,94.985,4,1,0.409
0.0127,0RDhwksGxnr7naqyE4QRDe,7EDOL43Wxctxlwy4aYjL3N,0.701,1,492923,0.7,4bbALcoT16UrxPLkVLCRgK,0.931,0,0.123,-7.83,1,Hey Moloko,dataset,23,0.0359,102.001,4,1,0.375
0.0386,76HLskcIOsNyVTdNV6k7aJ,"2mVVjNmdjXZZDvhgQWiakk,3qnGvpP8Yth1AqSBMqON5x",0.688,1,283407,0.779,6GvAM8oyVApQHGMgpBt8yl,0.119,11,0.349,-10.129,0,C-Side,dataset,48,0.058,94.075,4,1,0.939
0.118,5eqcF7pWzHgWpGdEmHgeSN,2x9SpqnPi8rlE9pjHBwmSC,0.609,1,156480,0.802,1w3IeWPxVHuw0gyXcGV2pN,0.000131,9,0.0904,-9.501,0,Sugar on My Tongue - 2005 Remaster,dataset,54,0.0538,127.672,4,16,0.926
0.00239,2xlKMClOY0dMmZBsxZDHJ1,5YBkmI0Db3IWEG1EtGSSOK,0.809,1,388585,0.733,7CBADDuNcKCf7vLOwmx8JG,0.847,9,0.0677,-8.549,1,I Want It,dataset,7,0.0564,119.994,4,4,0.544
0.0173,1trdml68YXExQ9I3EB2dVx,0zdn1nNmOZXHZ9K28FvcFp,0.763,1,463160,0.354,1S7HLlLIKZ9jxi70qERuEn,0.0688,11,0.105,-14.878,0,It's Only - DJ Koze Remix,dataset,29,0.0939,118.049,4,17,0.122
0.0397,6FnFtxp19taWYbITDtdEfq,"6wXFUcaG7779tb1Ok72GBn,1kR99O4MgSTasyeJh8UFCg",0.738,1,504827,0.412,6QAJq988parzVQ7L9t88AL,0.00242,6,0.361,-14.18,0,It's Only - DJ Koze Mix,dataset,40,0.118,118.089,4,4,0.0752
0.192,10GN4IZi63LJ3CWbrG8f5e,"19f2JXwlRU26376TCKmp6L,0zdn1nNmOZXHZ9K28FvcFp",0.318,1,360807,0.825,3t2yNQbEX1hWurbdn9rRS1,0.8,0,0.111,-12.446,1,Unspeakable World - Matthew Herbert's Onc Workout,dataset,21,0.05,140.092,4,11,0.177
0.125,4lOvufvDp6lx1IpWbksQ0t,"2MUENaxB93ZPNclZIDEMMV,0FEx2DeyIuHKZN5zQX6XOs,0zdn1nNmOZXHZ9K28FvcFp",0.787,1,447287,0.77,5yNoq5gMCvb9bb9Bd09PmI,0.8,9,0.0864,-4.17,1,Desperate Man (feat. Khan) - Matthew Herbert Remix,dataset,27,0.0429,120.999,4,1,0.812
0.000132,6bPu6rCdZDvPI9OXneX0hk,"08hjAM9XAD28O0nWVKmlx5,1jR7PWJW17d3h2kEUqW0Tu",0.593,1,229550,0.636,7tK88QYYNNsIGCeofyOiAa,0.904,10,0.0591,-7.895,0,Dark Dub - FFF Remix,dataset,1,0.0701,159.97,4,6,0.577
0.697,3uWb8j3wWZdcpyxe2nhMIu,"1ysHnRqLx1sIFxUlahQftx,0zdn1nNmOZXHZ9K28FvcFp",0.749,1,298947,0.223,3eX5ekbOCTEphGqPiJqzVg,0.167,3,0.094,-12.666,1,Every High - Matthew Herbert Torn Dub,dataset,32,0.046,114.014,4,3,0.195
0.86,0jZihpxJOMBTJ51wRN0Uje,"4tlPDFGdI3IwmwpGgW0Aza,0zdn1nNmOZXHZ9K28FvcFp",0.762,1,243493,0.412,04OwiauLJLv4hrQ4Ui7nZe,1.76e-05,3,0.391,-12.473,0,Brother Where Are You - Matthew Herbert Remix,dataset,42,0.088,99.188,4,4,0.69
0.71,6y3mSwykz67RBLT6mYhepw,"6JpZEemWmunccsrHXFUOgi,1b3F5FI7TX4IWTNA4P1kWp,0zdn1nNmOZXHZ9K28FvcFp",0.769,1,263571,0.497,537rUg5pt7ndw0SW8HcBuW,0.927,8,0.13,-11.019,1,We've Landed - Matthew Herbert's Absence Dub Remix,dataset,34,0.0545,116.982,4,1,0.205
0.0919,6OeX1qmmw18XNUg9OWc9A9,41ITYFOUrXrzWhudmBYC0X,0.932,1,396413,0.479,5S6XqiyVSF0OU96LOw9UXP,0.0539,4,0.0905,-8.235,0,Hoping (Herbert's High Dub),dataset,49,0.0519,124.016,4,3,0.968
0.0184,28MabQRhGKx50tBIaghDcf,"2KnRvSpcZaNV4rsaGSy7AB,7kJRd8zWmByU1AGpWyhBt3,08jywfUS0hp8XYlYs0cvz8",0.82,1,338000,0.48,2UekN23XQtwrVtwvd9TKDY,0.13,6,0.0976,-9.931,1,Sueno de Solentiname - Rampa Version,dataset,35,0.0925,120.017,4,1,0.191
0.00216,3b8HGta3eiSEo7aWdhmWOq,1msdg7fO8vjv76mvVJdrQJ,0.803,1,246842,0.538,7JUGeRbN9VHWp6oqxetmGP,0.833,1,0.0866,-9.855,0,Haçienda,dataset,0,0.0477,124.976,4,4,0.197
0.0041,3b8HGta3eiSEo7aWdhmWOq,1msdg7fO8vjv76mvVJdrQJ,0.744,1,359216,0.546,50JwWnbYjyAoPq8T3UweZi,0.0938,4,0.276,-10.819,0,Santo (Fear & Desire),dataset,0,0.0508,129.014,4,9,0.231
0.0328,2J1uvaTvDyQUhZ2NWxbJa2,5tY2sa8I11tpMuhU9onQ6e,0.908,2,419960,0.324,4VeBmV1SosmgZLUQfwMH5i,0.903,7,0.099,-15.468,1,Man O To (Be Svendsen Remix),dataset,47,0.181,118.87,4,1,0.528
0.0989,29wjqxriGDiYH1kFs4njxY,3gNEIgLeknpwkNViU8WAhg,0.722,1,542440,0.453,43Mgum9KYTzd7JMW4HNlfR,0.94,7,0.112,-10.043,1,Tarlabasi,dataset,46,0.0735,99.951,4,2,0.0715
0.00139,54MTDjG0FaGFivU2FJhpYe,0Ey5SuiHfEJX8DZzwyENz1,0.679,1,481922,0.759,6dcQREhfJQaNhRNMcl2pTt,0.906,5,0.214,-11.53,0,N1 - Recubierto Mix,dataset,3,0.0556,122.982,4,1,0.577
0.00718,6awtZzHK0IUovkiZHgICkN,1gQtjH4GDmoATvZdGljZ6q,0.766,1,758118,0.655,08iisVZldxcXhE0Fmlee2F,0.886,1,0.0391,-10.755,1,Giske,dataset,8,0.0596,98.859,4,1,0.33
0.00699,6awtZzHK0IUovkiZHgICkN,1gQtjH4GDmoATvZdGljZ6q,0.807,1,479844,0.905,7oz0AVJnyirSpDtoxMknMP,0.882,7,0.1,-9.341,1,Mozart,dataset,8,0.0393,120.011,4,2,0.189
0.0582,2fLIbREX4Huvv58PJqTXFX,"2ErWVVcMH1io3Au40dTKnG,0RgH3SericNk1hSGQ5U2wc,5JsjuFOM9BwVl1NwnjoqRL",0.737,1,352773,0.622,0c3uCMUogjcZketGoFT00v,0.338,5,0.0594,-9.276,0,O Mera Dil - Auztin Pauers & Ezrael Remix,dataset,36,0.0404,120.026,4,3,0.0474
0.0459,2tpPFvDwSDYBVPCaZRJmm7,"27NerKeEGofbhhDMEhagyq,43B3rN5TKnZLpfusky1fnp",0.83,1,482939,0.835,5iyzeJumPA8OQ0eUs7esiz,0.851,7,0.288,-11.607,1,Kofi - Cioz Remix,dataset,25,0.0739,122.011,4,4,0.206
0.00397,492jSqPzISSUXIG3ZqDniw,"4BaLB5aiExO29BEGVUisru,6q3W9kTktti93nDItAx8XH",0.826,1,206495,0.513,4kGJhEhdNeWD6aFix6gTkd,0.044,2,0.134,-11.565,1,Scarecrow,dataset,46,0.0404,123.047,4,1,0.0958
0.11,24dbmNvNJUPZP9VNkidxqb,7u710e44HW3K7A5eTnRqHC,0.712,1,244160,0.663,4jlChRXbH8HnMcJApMMeAh,0.0,9,0.111,-3.68,1,La Pula Bussò,dataset,46,0.303,77.25,4,6,0.705
0.0288,4fePTWx5G0K3H1v2muXdHL,1mYvu9huHeR7ho3iGAgCsn,0.902,1,262373,0.645,4hRYm8Ahspq7twh1ckPmxl,0.566,11,0.0999,-8.563,0,Seven Nation Army,dataset,49,0.0469,120.01,4,2,0.922
0.000139,0IZURGZc6VFXCbOtcRdn5z,4zPGlyitRvJo7iz6OKlETa,0.315,1,316400,0.539,7nP9DFG20nqlVr6OtcpVfm,9.37e-05,10,0.108,-10.539,1,Get Miles,dataset,32,0.0388,81.915,4,1,0.151
0.235,2k2MADUj4Fd3mhJWQbQoqt,3eBGrFX7u2Py7eiwvwosc4,0.604,1,364520,0.31,7v6GgmyNIsNwLBPsp1pzdG,0.00528,5,0.125,-10.947,0,Money Is the Name of the Game,dataset,28,0.029,97.895,1,14,0.278
0.073,2MU5YedaxyeNA8gKh1BfMJ,2caOYPej26UoQOyFnzXW3G,0.675,1,365947,0.692,6MSBy2FHPHwM9n2QhrhpuS,4.08e-05,1,0.0572,-10.502,0,"Sì, viaggiare",dataset,48,0.0432,113.426,4,5,0.929
9.01e-05,526u78l8VpQqbo2ln3znvD,"2gv0vhtUiUJeGcYkTybo7G,3hteYQFiMFbJY7wS0xDymP",0.786,1,366215,0.578,7y30OUbEhLOcqLOviVMH7N,0.9,1,0.0939,-6.639,1,Zzafrika - Gesaffelstein Remix,dataset,25,0.041,125.996,4,7,0.0389
0.215,4Gt6wfxjDhC6W1eu21hunV,"0c5nXKT37cYsbaXiw5mFVk,1yq9UuPp5DIb5w6eswGbKV",0.592,1,255213,0.832,4X6vqZgHpqjWAgIfBaE5q5,0.0,9,0.111,-5.193,1,Non Succederà Più - Remastered,dataset,54,0.043,140.627,4,2,0.775
0.163,6txW541PeIFFbOkBuE4Mow,37x1MqNXlCtuLLYSXYX7jA,0.681,1,241560,0.903,4JFVL3OMGu4hVkLCTOQk8j,5.64e-05,11,0.0629,-5.856,1,Amore Disperato - 2004 Remaster,dataset,43,0.0683,157.757,4,1,0.862
0.0196,7exX8gnlW3j2bPZmBqBFrC,2XpUprTohaksHpVjUtTvlx,0.781,2,207293,0.738,172A6gbsmyhqcJzzQDUMG5,0.0,2,0.36,-7.719,1,Non sono una signora,dataset,45,0.0296,128.463,4,1,0.741
0.0319,4iAFY1HfNHqK1yFZ6PCo6a,5Is5BvLZyxtBkp3VrXm5t3,0.759,1,245493,0.696,3NRk1UOIZeXAJhM5THeegV,1.37e-05,7,0.156,-8.76,1,Alghero,dataset,35,0.041,131.39,4,4,0.744
0.526,517MxHAODAKO4wAr4pHVAB,7sCYC6bDTexE400qiLy4oq,0.677,1,275480,0.778,0C9rBeWAsPhmBeaYKZLN5m,1.54e-05,0,0.206,-10.157,1,Figli Delle Stelle,dataset,52,0.0668,108.471,4,1,0.73
0.301,3oBdY9Ue7M2VSMrsBfdN6s,3O9LDOD9Hutyg1tWnqETgH,0.727,1,242613,0.816,0xZGPXJ0vzeWIcVlwI4jY8,0.0,2,0.594,-8.031,1,Non voglio mica la luna,dataset,47,0.0428,123.089,4,1,0.623
0.496,7I9k9cE1pYSQYuFIVcmT2A,7AWtkwVftjGXkoCIEvI7fW,0.69,1,206000,0.904,51e862j4kozAvx5VU9eIIJ,1.28e-06,10,0.0484,-8.939,1,Viva la Mamma! - Version 2,dataset,47,0.141,168.319,4,10,0.579
0.08,15j1qqUQ5TXeh9lZzuWVN6,2XpUprTohaksHpVjUtTvlx,0.702,1,267093,0.855,77OdVXaJrgbXpjXscYmJRb,0.000255,9,0.0733,-6.647,0,In alto mare,dataset,47,0.0698,109.455,4,7,0.855
0.262,4lQ6HXCRFlyicu5EXpck1m,4lianjyuR1tqf6oUX8kjrZ,0.704,1,239187,0.707,5DlMR554Db6jiWPRWe95al,4.41e-06,0,0.039,-7.33,1,Centro Di Gravità Permanente - Remastered,dataset,58,0.0321,131.015,4,6,0.717
0.117,5P5PHArzbl28Rz994t3o16,4etuCZVdP8yiNPn4xf0ie5,0.547,1,184200,0.539,3Qjr2mNDOn24M4Y50hR9hJ,0.0,0,0.357,-14.374,1,Se mi lasci non vale,dataset,53,0.2,109.928,4,6,0.775
0.0219,1UDH8BsuRD6xXjfNgOYjLn,5Is5BvLZyxtBkp3VrXm5t3,0.571,1,203677,0.681,2C1FIKlz8OFF6UqoYTQkWg,0.0,9,0.178,-6.723,1,Un'estate al mare,dataset,43,0.0306,136.004,4,6,0.666
0.738,5p0CwCbZi2nz48COtYJPz8,5bt1p0ybrvQPJwt4YINGTF,0.623,1,208827,0.284,7HgG6kaNPUltGHFP6aIS4L,0.0,10,0.0812,-10.81,0,Tu Vuo Fà L'Americano,dataset,52,0.35,181.273,4,1,0.905
0.0199,0BRAV7GkbC2W5DvrRIEU7K,6IvnpywSnAcBLBjlyme9oW,0.677,1,236573,0.515,5AAPkEgrGmu6JtouFDB5nu,0.0,6,0.164,-13.964,1,Nell'aria,dataset,39,0.032,102.375,4,4,0.711
0.00853,5vKqYj56vl3MTiPIfVh84U,"0uZI4sqpl7jJQ19T7dcsM8,1C2Gz0VQuVWtaLWd54ujI5,5BDKqi6ps6jHrpvY8wL1MI",0.805,1,260464,0.814,60TZd1La2RDTGcncjW7jVZ,0.456,11,0.0756,-9.298,0,Blush Beat,dataset,23,0.0515,117.997,4,1,0.86
0.0334,6vUHeC9mYyb93dqV5Wuloo,1uXGmHao7MMRBwCCncmyB6,0.868,1,262457,0.788,2cJeoXnuWDMSRhc8quPBJB,2.6e-05,1,0.0801,-4.321,1,Ma quale idea,dataset,27,0.0547,114.674,4,1,0.961
0.00957,36E5LAM5D3AKnVx8s5dyc6,1GhPHrq36VKCY3ucVaZCfo,0.751,1,260697,0.897,2cNjgoSh1TBHFQIhfzRJUE,2.88e-05,1,0.329,-3.598,1,Go,dataset,60,0.0468,119.97,4,2,0.482
0.345,5O1rjyyCotasRfDbYx4xhL,0cmWgDlu9CwTgxPhf403hb,0.7,1,278027,0.471,1WzgZD4VtXK7LFvPLxRJP9,0.307,1,0.159,-10.073,0,Magicman,dataset,28,0.0392,95.007,4,9,0.314
0.669,26TtzBrPdUkHMSTPSbctbl,0Wxy5Qka8BN9crcFkiAxSR,0.821,1,170000,0.376,7j02rdE5RVtNcNMuLGY5SS,1.39e-05,0,0.106,-13.622,1,Spoonful,dataset,57,0.0487,119.039,4,7,0.824
0.0256,7oFHZxaSE9WzWCi592zMhC,2hThsqaVEAWhWPBXnaOfB9,0.61,1,279788,0.454,369ZHVk9UlOxmRcjs6XeUr,0.515,4,0.103,-8.955,1,Organs,dataset,34,0.0488,90.027,4,3,0.0886
0.0864,40aBNoq76frGONIhIN07bF,2BYHpYwXO4zi36Tf3pEH5n,0.633,1,148732,0.466,4HusHWdTtrZjhzE0oRiGqq,0.0,1,0.0968,-13.25,1,8+1,dataset,32,0.375,142.181,4,1,0.229
0.00701,3iJC6zOsnq5nzmFlzPMolJ,6ryGFEDvM7703b889hPUFZ,0.653,1,265475,0.956,06RgxHnsKF698qlyhT9y1B,0.863,1,0.0783,-4.944,1,M141,dataset,8,0.134,159.984,4,8,0.156
0.0439,3Xu2yOtnZ0iuubnCTMNXda,4rVPRD5pDmkvUUSSxENlkP,0.769,1,318307,0.564,4T8map16qiBB1lEDIuDm4l,0.0439,6,0.079,-8.511,0,Every Tongue Shall Tell,dataset,12,0.0619,133.544,4,2,0.493
0.0759,3Xu2yOtnZ0iuubnCTMNXda,4rVPRD5pDmkvUUSSxENlkP,0.539,1,345747,0.57,0zIw9q8Uy1FUX0FR7SRNYt,0.00141,0,0.129,-7.332,1,Brimstone & Fire,dataset,19,0.299,80.927,4,1,0.511
0.0187,3Xu2yOtnZ0iuubnCTMNXda,4rVPRD5pDmkvUUSSxENlkP,0.724,1,332013,0.257,7EKmvGTLa3HtysuyvUzcN7,0.79,11,0.124,-12.126,0,Holy Mount Zion,dataset,11,0.208,85.791,4,6,0.439
0.00852,3Xu2yOtnZ0iuubnCTMNXda,4rVPRD5pDmkvUUSSxENlkP,0.734,1,445867,0.4,5fqwMwFjtp7vkqCHTyVU2J,0.497,10,0.0912,-13.722,0,Bubble Up,dataset,17,0.269,133.04,4,4,0.553
0.0195,3Xu2yOtnZ0iuubnCTMNXda,4rVPRD5pDmkvUUSSxENlkP,0.809,1,490600,0.5,1Jze5el7M9dRmsgsSwBIZ3,0.885,8,0.127,-9.965,0,Magic in the Air,dataset,11,0.242,124.494,4,3,0.518
0.469,35qrfQOhXIFZoLq9gNEUXM,"5INjqkS1o8h1imAzPqGZBb,7Eu1txygG6nJttLHbZdQOh",0.697,1,325806,0.598,5Yc2SVCeXXcDdALmmXIslb,0.118,4,0.0659,-7.722,0,Is It True - Four Tet Remix,dataset,56,0.0295,117.992,4,1,0.112
0.859,6B5favhKTShFTjRLsKIUfa,3g2kUQ6tHLLbmkV7T4GPtL,0.687,1,209387,0.195,6HPZo9krwjbhMGKbqVkkDQ,0.0,0,0.226,-12.612,1,Every Single Night,dataset,53,0.0603,125.949,4,1,0.402
0.378,1zgJsOkVoyqKQx9dNdyDdB,4bODnAlydTbem2JAjDX52y,0.392,1,241141,0.393,7zMmSFncdGYsdmk8qqbh8A,0.854,3,0.0629,-7.702,1,Friend (Lover),dataset,42,0.0567,119.965,4,2,0.336
0.917,1zgJsOkVoyqKQx9dNdyDdB,4bODnAlydTbem2JAjDX52y,0.214,1,57131,0.488,7AKy1RbsO4e0khS3nJIE1J,0.935,1,0.108,-14.664,0,Jaeune Reflection,dataset,17,0.0795,116.511,4,1,0.0829
0.000996,3SCvQ8cUMomKC2GDsTMzsb,0eLbmh14uMx3VB0MPM1r4L,0.406,1,168480,0.989,5mfdt67K97zxMpsnNxfoQr,0.385,0,0.165,-5.328,1,Precaution - Remastered,dataset,20,0.0487,167.741,4,3,0.469
0.0352,3woYZI2bFXEh5nR8KfltJ1,"2mVVjNmdjXZZDvhgQWiakk,3qnGvpP8Yth1AqSBMqON5x",0.632,1,252812,0.636,3k5oLgungD1dSOGLqQdIQw,0.158,7,0.0997,-10.011,1,Texas Sun,dataset,65,0.035,111.551,4,1,0.616
0.0337,0unp9WDXBl9E88Ud5zLw9z,1TIbqr0x8HoKzKBNtNN8wf,0.655,1,362359,0.8,7n8HTBeizZPBpRHWq8ZQDT,0.888,11,0.0927,-11.549,0,̸ ̡ ҉ ҉.·๑ඕั ҉ ̸ ̡ ҉ ҉.·๑ඕั ҉ ̸ ̡ ҉ ҉.·๑ඕั ҉ ̸ ̡ ҉ ҉.·๑ඕั ҉ ̸ ̡ ҉ ҉.·๑ඕั ҉ ̸ ̡ ҉ ҉.·๑ඕั ҉ ̸ ̡ ҉ ҉.·๑ඕั ҉,dataset,42,0.0541,121.873,4,1,0.108
0.119,0WdZQGmbPI3U7eDF5jACGi,5BwOOeKayeMZXa5SSaiRxv,0.837,1,190693,0.751,7037bX3jdaUWUAXL12CHGy,0.0,4,0.0582,-8.245,1,Sarà perché ti amo,dataset,57,0.0377,120.196,4,7,0.964
0.582,484oWTby23satVIgHKMO0e,37x1MqNXlCtuLLYSXYX7jA,0.517,1,183627,0.583,0vk46qEN6DEzancOurslfM,6.46e-05,10,0.15,-12.323,0,Ma Che Freddo Fa,dataset,50,0.0399,165.415,4,2,0.825
0.485,15j1qqUQ5TXeh9lZzuWVN6,2XpUprTohaksHpVjUtTvlx,0.751,1,273026,0.564,7wz27YjIUyJ0IAkzZqlQC6,4.66e-06,9,0.109,-7.879,0,... E la luna bussò,dataset,48,0.27,77.561,4,1,0.712
0.147,5YMuoXtH6tuEMgcroiuqf9,5RRPSRJpISAWEPOeSfYuhV,0.498,1,174933,0.418,6zlBXC5HCi8Q7b7wUfr2Ph,0.000385,7,0.282,-14.203,1,I tuoi occhi sono pieni di sale,dataset,31,0.0309,81.691,4,8,0.516
0.358,6JsAcLYwZx7DpaB7FaHXBo,5RRPSRJpISAWEPOeSfYuhV,0.699,1,339000,0.622,1RHsmfhU7x3uW7X1FcMpxF,0.000249,2,0.0533,-17.487,1,Ahi Maria,dataset,50,0.0804,109.649,4,5,0.331
0.475,6JsAcLYwZx7DpaB7FaHXBo,5RRPSRJpISAWEPOeSfYuhV,0.598,1,283360,0.339,1A6hy3VRplRzkb5yh4PIIr,4.65e-06,5,0.0746,-16.481,1,Nel letto di Lucia,dataset,23,0.0381,103.012,4,2,0.466
0.7,6JsAcLYwZx7DpaB7FaHXBo,5RRPSRJpISAWEPOeSfYuhV,0.562,1,282000,0.177,2ExOpaDiD714bjT8AV1TJA,0.0222,0,0.09,-20.564,1,Resta vile maschio dove vai,dataset,33,0.0323,111.311,3,1,0.296
0.0709,3WwM7Hzi7soS5ZHUqCQvhT,5RRPSRJpISAWEPOeSfYuhV,0.894,1,210000,0.591,4JR9CJfGko8dW4y8M2nMku,1.26e-05,0,0.251,-12.856,1,Stoccolma,dataset,23,0.0605,106.025,4,3,0.99
0.175,59U5bUXaEwjOUuSZPH8IGh,1yq9UuPp5DIb5w6eswGbKV,0.735,1,278547,0.668,3I9rppcBa6PbFP3tJuxavG,3.22e-06,4,0.122,-6.478,0,Acqua E Sale,dataset,53,0.0382,96.003,4,6,0.721
0.0381,1BQVdofe7ROnSoaiC9418p,6Tyzp9KzpiZ04DABQoedps,0.7,1,210267,0.738,5uTjNzGKCQ50synrf9dWmT,0.00527,1,0.22,-4.398,1,Ritual Union,dataset,59,0.0324,144.035,4,1,0.796
0.58,21WlWPmCVxFasQcTZ4qFT4,"2O7GEnfMd0tDvKM9zvW4pJ,6RczSd4yiRlgv7hWhSe7tg",0.85,1,200160,0.383,0tQfPPGlc55IQMgtYLgnBf,0.0,5,0.116,-9.812,1,Burdu bu (feat. Joe Perrino),dataset,7,0.0711,115.852,4,2,0.816
0.117,7roxptc0x0bVtbXN2rwiHL,3S4d3YRNGg2OhnNm3QvfhA,0.551,1,201974,0.731,4maUCzKk55PwT8D7qT34gx,0.272,6,0.266,-9.014,0,pink hue,dataset,32,0.0271,100.0,4,4,0.308
0.598,5gggblV8wRkava2iZLLpMk,"28j8lBWDdDSHSSt5oPlsX2,5INjqkS1o8h1imAzPqGZBb,2n6DGYH09XJFq4TqfeQ2G3",0.724,1,432000,0.644,2wXD1WAXq2Z9F1bvx00K06,0.886,10,0.121,-12.264,0,My Life - Brian Cid Remix,dataset,20,0.0374,120.014,4,3,0.096
0.613,4b3W3QVQ4yUHI7W4sBrSlt,53KwLdlmrlCelAZMaLVZqU,0.719,1,274707,0.594,7DQpomTt0puWP24y8HYc4o,0.758,2,0.102,-10.927,0,At Birth,dataset,33,0.191,120.016,4,2,0.146
0.595,2jCjUgaDh9lVGju6u3cGvK,6FD0unjzGQhX3b6eMccMJe,0.707,1,206640,0.763,01GIcLBDhKACaEuQuz6ybj,0.0,7,0.145,-8.067,1,Wildflower,dataset,34,0.414,92.932,4,2,0.768
0.369,2jCjUgaDh9lVGju6u3cGvK,"6FD0unjzGQhX3b6eMccMJe,2yQf6b8hxahZaT5dHlWaB1,0dS5xeDefwoUNasLUHnCjR",0.757,1,286653,0.725,63LVYnGJmWjNnmHiOVsGhe,0.00139,8,0.431,-6.524,1,Iron Maiden,dataset,52,0.303,103.014,4,1,0.707
0.1,705tt4x1hmJwhdM2I1vRmZ,"3mUHAiDazZq75gh6If5zoD,6FD0unjzGQhX3b6eMccMJe,0ME1RawvWt3qOJnYnxVqeh,099tLNCZZvtjC7myKD0mFp,2oF8U5plU0VUzt3EP0Ekna",0.77,1,275427,0.908,4oIp1xIuxLT8DDJmzeZSAM,0.0,7,0.262,-4.867,1,Dragon Fire,dataset,44,0.281,112.687,4,5,0.335
0.205,5r8qsaGKrMvNqxrEzdMCRz,1fa0cOhromAZdq2xRA4vv8,0.75,1,299773,0.409,0H80CvMDKLYxwSq5AwwJ9S,0.136,8,0.0816,-15.248,1,So Beautiful,dataset,53,0.0468,98.075,4,6,0.458
0.0709,3sIFpEctox1XOs3FEkqrgr,4bthk9UfsYUYdcFyqxmSUU,0.647,1,215400,0.896,0Qv7xi6uPSqH2k82tOkGSt,0.0505,4,0.0614,-5.949,1,Mad World,dataset,66,0.0509,118.729,4,2,0.953
0.00377,2VmH5ZnyHaa80B8CCanY15,2hvPjigNT7j8RZKG2qHrWA,0.469,1,445533,0.491,09Z2bg2es0ZT4ryqbMhyXw,0.000703,9,0.212,-10.836,0,Love Forever,dataset,9,0.129,130.236,4,7,0.299
0.0266,75mOIzgjMsFLN5hyQlpsy8,"3s9dByBqCrJP6KNZBSw2R0,2AR42Ur9PcchQDtEdwkv4L",0.661,1,442888,0.557,3IZYPSWzd185KQlI4XxSc5,0.803,1,0.0786,-12.537,0,Wings - Floating Points Remix,dataset,31,0.0423,112.006,4,9,0.106
0.55,75mOIzgjMsFLN5hyQlpsy8,2mVVjNmdjXZZDvhgQWiakk,0.516,1,209047,0.391,1URRYyEeejU5VYwc8xpB5A,0.874,2,0.897,-13.391,1,A Calf Born in Winter,dataset,37,0.0284,82.65,4,2,0.492
0.132,75mOIzgjMsFLN5hyQlpsy8,65dGLGjkw3UbddUg2GKQoZ,0.43,1,351876,0.639,10lGufP5RmCsUwKDTcPpxs,0.942,3,0.196,-8.125,0,Hedron,dataset,50,0.0401,151.437,4,10,0.171
0.823,6OuG66xTeIZgoezhUcnsmR,"65dGLGjkw3UbddUg2GKQoZ,4Js9qeA7KMFyjBYHEjFaeJ",0.366,1,241027,0.175,5hCRaOh0DumzaAXU0ObRu0,0.0942,3,0.089,-15.305,1,Goodbye Blue,dataset,47,0.0361,144.52,4,1,0.166
0.767,6R7CVG0kOF7h0NLg10ezpZ,65dGLGjkw3UbddUg2GKQoZ,0.389,1,271571,0.459,5GkByWawjHIN9OqkCxZFgh,0.849,0,0.167,-5.865,0,"And That, Too.",dataset,33,0.0285,171.824,4,1,0.248
6.06e-05,6R7CVG0kOF7h0NLg10ezpZ,65dGLGjkw3UbddUg2GKQoZ,0.294,1,247839,0.831,4bYhDSjJBBYlnOytuzA56d,0.826,5,0.113,-5.168,0,Speaking Gently,dataset,37,0.0408,77.777,4,2,0.51
0.549,6R7CVG0kOF7h0NLg10ezpZ,65dGLGjkw3UbddUg2GKQoZ,0.377,1,286780,0.486,7MBA1IcHNZLsNhCftS2O27,0.582,9,0.0712,-9.355,1,Cashmere,dataset,33,0.0292,98.972,4,11,0.197
0.453,6R7CVG0kOF7h0NLg10ezpZ,"65dGLGjkw3UbddUg2GKQoZ,3GQboECxDT1xqPPWC30p7v",0.482,1,247055,0.529,1Xm0HkaGqf0LDouD9Qmo2X,0.000668,0,0.109,-5.95,0,In Your Eyes,dataset,56,0.0302,79.648,4,10,0.427
0.846,6R7CVG0kOF7h0NLg10ezpZ,65dGLGjkw3UbddUg2GKQoZ,0.382,1,248790,0.321,79eLu4qjNomEpN4Frkvs0u,0.822,11,0.102,-10.978,0,Structure No. 3,dataset,30,0.0398,143.905,4,9,0.231
0.362,6R7CVG0kOF7h0NLg10ezpZ,"65dGLGjkw3UbddUg2GKQoZ,1FvjvACFvko2Z91IvDljrx",0.46,1,195643,0.748,3bbXUxLDPPuwl7DTyO6PBd,4.59e-06,7,0.141,-7.789,1,Hyssop of Love,dataset,35,0.287,86.837,4,8,0.475
0.644,6R7CVG0kOF7h0NLg10ezpZ,65dGLGjkw3UbddUg2GKQoZ,0.419,1,419248,0.612,3qYsqCyIMyvnBA8CZPVLsE,0.885,11,0.341,-7.443,1,IV,dataset,32,0.0414,124.315,4,7,0.21
0.507,6R7CVG0kOF7h0NLg10ezpZ,65dGLGjkw3UbddUg2GKQoZ,0.472,1,231682,0.472,61EV24btdMJbACOq9mp2qT,0.945,3,0.127,-9.547,1,Chompy's Paradise,dataset,33,0.0322,114.471,4,6,0.111
0.0174,6R7CVG0kOF7h0NLg10ezpZ,"65dGLGjkw3UbddUg2GKQoZ,4G6HhUUQ1LgyYnA2WJppf8",0.435,1,384717,0.787,1KZtRHgCAyXE19RHUySWdY,0.909,3,0.0798,-5.463,0,Confessions Pt II,dataset,34,0.0256,102.245,5,4,0.761
0.0361,7JggdVIipgSShK1uk7N1hP,"4O71i7ke5iIBX6RNSFoZbS,1oXiuCd5F0DcnmXH5KaM6N",0.893,1,484547,0.654,0VQtCWS2rRoq0bqTVFZOt6,0.586,11,0.128,-12.061,0,... Even Though You're With Another Girl - Kollektiv Turmstrasse Remix,dataset,16,0.0721,125.018,4,20,0.718
0.073,23hTRQVUECDeCdPKDP1qHF,6JGLndnzrQrIFkd8NFha3C,0.821,1,362613,0.824,4zhb32qKbuYZcxIpgLWiGe,0.747,6,0.0374,-6.127,1,The Cat - Crookers Remix,dataset,21,0.0777,126.096,4,9,0.376
0.00308,0cMDed0F21kkWrrnM3eDU7,"0b9ukmbg0MO5eMlorcgOwz,6W79DyENdtdSdF23KjROyv",0.762,1,88142,0.744,2cMmlJaE8T2JVdptokAm2c,0.178,1,0.0684,-5.687,1,No Tony (feat. Phra),dataset,38,0.143,100.109,4,6,0.652
0.95,2EY7dWuTxkOrm4CDllJmZk,03cwCzIWQ8BRmXjGPDAL04,0.791,1,177067,0.481,5dA4pnTZpc4DRSFEGCdi4a,0.000174,5,0.051,-12.762,0,Reefer Man,dataset,41,0.305,124.056,4,10,0.554
0.848,2EY7dWuTxkOrm4CDllJmZk,03cwCzIWQ8BRmXjGPDAL04,0.512,1,194133,0.322,2JOJBxwRHWYcdXiOxZmoFv,0.0,0,0.71,-12.694,1,Minnie the Moocher (Theme Song),dataset,51,0.124,96.92,4,1,0.451
0.267,56XNctD7fzpnVBu6RRHnWV,"14H7ag1wpQOsPPQJOD6Dqr,2pAWfrd7WFF3XhVt9GooDL,5WUlDfRSoLAfcVSX1WnrxN,2dBj3prW7gP9bCCOIQeDUf",0.706,1,214160,0.623,1CnTHuFu7dTYlyaQfXqsbM,0.000299,7,0.175,-6.131,1,Somersault - Danger Mouse Remix,dataset,28,0.099,86.013,4,18,0.365
0.138,3DqP5MhotjHve8DiljKk6r,"1C6G15UmVQMDGpYbdsf1Oi,2gINJ8xw86xawPyGvx1bla,5XI6qfoZSiEYtmItjfEX1Q",0.663,1,285867,0.937,3Dv9aYBTqjiZIZcLHEKIfJ,0.0,7,0.183,-3.204,1,Brainstorm / P.S.K. - No Gimmicks Remix,dataset,39,0.471,174.125,4,5,0.219
0.000746,3DqP5MhotjHve8DiljKk6r,1C6G15UmVQMDGpYbdsf1Oi,0.762,1,222867,0.61,1OTxuzcXYFKZosZsjh8NjF,1.08e-05,7,0.114,-5.08,1,Flip Da Style,dataset,24,0.323,87.075,4,9,0.315
0.00111,723xb2clGNrS2Sobt0BNyA,0yXLm86D4JkD0Z8aWY564D,0.74,1,408446,0.671,66klyEVI63jTTqDd8wJx5s,0.799,8,0.277,-9.343,1,Blind Trust - Original Mix,dataset,48,0.0451,111.989,4,4,0.264
0.226,4Cr6vlJh83a5Eby9DZRPwD,"0fA0VVWsXO9YnASrzqfmYu,7dGJo4pcD2V6oG8kP0tJRR",0.88,1,264834,0.787,38iBrrbbXyWaSPkmuDNgjZ,0.0,8,0.12,-5.189,1,The Adventures of Moon Man & Slim Shady (with Eminem),dataset,76,0.118,113.018,4,1,0.588
0.0035,2noRn2Aes5aoNVsU6iWThc,4tZwfgrHOc3mvqYlEYSvVi,0.696,1,211640,0.75,6vuPZX9fWESg5js2JFTQRJ,0.922,5,0.0889,-8.503,0,Crescendolls,dataset,55,0.0721,124.048,4,5,0.937
0.0788,1F8y2bg9V9nRoy8zuxo3Jt,"6FXMGgJwohJLUSr5nVlf9X,4vB9fhUf2wybKWZe8jfJoL",0.464,1,300513,0.77,0ZV4E9Ko7pQW278jRJ5o4J,0.222,7,0.353,-7.567,1,Girl I Love You,dataset,36,0.0617,103.67,4,13,0.494
0.000886,1KwlNMH2XJDpDvZERHHCbt,5aj3LEYRbuaabjjHkj5oE1,0.624,1,306333,0.583,2grq3Pzi5O2VRYJKRSuQHT,0.633,7,0.0862,-9.046,1,Your Loft My Acid - Fearless Transhouse Mix Long,dataset,8,0.031,107.979,4,1,0.218
0.193,7oYLUjL6dpFFfFqJKka3WB,6AHXh0zQ9x4YO9bPn3F79k,0.409,1,240839,0.697,2mr9VyxPyROkwlkJmlsAml,0.611,9,0.168,-8.806,1,Desolc Tuo,dataset,0,0.0329,93.947,4,1,0.323
0.254,17pL8QoDQ6qLrXSK8c1dsH,63da4AKQZcSLyqcTFvt8Uu,0.608,1,154667,0.518,46AjfgZrzm6vjv0v4TmP7S,0.0136,9,0.112,-11.061,1,yeahyeahyeah,dataset,29,0.0434,135.134,4,1,0.559
0.306,4HFzlANEKwvULk1BkgLuhp,0k8UHfMqW86uvhmhHiYzj3,0.491,1,156367,0.571,4RqVsGYERv5pmwVroKWPiu,0.923,9,0.0868,-8.381,1,I Follow,dataset,47,0.0301,146.051,4,6,0.6
0.0864,2QLLCYKdaOpTNUJI5u7yJr,0ygIgsjUzKivFgxgjQ9iV9,0.513,1,283053,0.668,6fZs19zmD89Y7r0ZjG9UgU,0.772,7,0.128,-8.933,0,Nordschleife,dataset,16,0.043,123.997,4,2,0.545
0.0897,5qdLsSo4DKCwKdwNtlPshg,1htJh35tMGt1oh18gEw6QD,0.803,1,247258,0.622,5yuwn4VaCtncyIwnJCYLGN,0.228,11,0.174,-6.894,0,Pop! Shake! Beat!,dataset,1,0.0407,125.002,4,3,0.816
0.199,5qdLsSo4DKCwKdwNtlPshg,"1htJh35tMGt1oh18gEw6QD,69abt8S0xId46zseYFdikP",0.652,1,294192,0.695,1P3GuQOfiMaXrUWIdrKwIi,0.0121,4,0.114,-6.135,0,A man of justice,dataset,2,0.0315,107.031,4,2,0.521
0.138,5qdLsSo4DKCwKdwNtlPshg,1htJh35tMGt1oh18gEw6QD,0.556,1,285771,0.738,2RRQgoiRy61tSzKjiZvYML,0.275,7,0.485,-8.768,1,4 dita e una pistola,dataset,2,0.0535,101.702,4,1,0.181
0.00823,01FCoGEQ3NFWF4fHJzdiax,"2aoFQUeHD1U7pL098lRsDU,5LhTec3c7dcqBvpLRWbMcf,2pAWfrd7WFF3XhVt9GooDL",0.32,1,52827,0.687,0drokAUhKfiMnu20UKQnFZ,0.0393,4,0.166,-11.245,1,Do Not Fire!,dataset,48,0.411,88.251,4,10,0.73
0.274,0RaQaiuWVvfiqXJq4SGFv3,"2oZcMYiKpjaA2Et5mU3RPP,10p1CDVyRIkR2ybAu7SbVH",0.529,1,233966,0.641,3MfbMLBGKSHBboWixya7gL,6.32e-05,1,0.172,-6.441,0,Same Prayer,dataset,54,0.163,73.352,4,1,0.813
0.0266,74QhQQa0lhpkOSrz9HXWyE,55Pp4Ns5VfTSFsBraW7MQy,0.679,1,242560,0.747,4MqN3BJ7B5qfXXJxEmguJM,0.0,7,0.293,-6.574,1,Never Crossed My Mind,dataset,26,0.151,95.963,4,3,0.396
0.00826,74QhQQa0lhpkOSrz9HXWyE,55Pp4Ns5VfTSFsBraW7MQy,0.715,1,252307,0.738,0QMHVTnrFTQJoaqmkdsKhT,0.0,7,0.26,-10.139,1,I Wish - Radio Edit,dataset,64,0.157,97.877,4,2,0.573
0.0269,74QhQQa0lhpkOSrz9HXWyE,55Pp4Ns5VfTSFsBraW7MQy,0.776,1,271773,0.711,0MsINbJhkbproYQTO0Q58m,0.0,7,0.206,-8.322,1,Top Of The Stairs,dataset,33,0.2,95.816,4,4,0.551
0.000721,5xgpaUjREqyXX77wPWle67,"7LA9ual8zNa5UPRmueX3VZ,0WXHE67UP5ZsjllpT0shsG",0.619,1,331636,0.936,4vwNlbQvJ0DgCnN7PnYVtI,0.865,0,0.105,-6.467,1,Ansias Loop - Alexey Volkov,dataset,1,0.226,109.988,4,2,0.285
0.0236,64HUQbueXkUesyHzsSWQGn,"1ANXhE0bNSbSutcZx3BNSM,0WXHE67UP5ZsjllpT0shsG",0.345,1,446000,0.909,42PI5qpsAfTzQZLP39Evfj,0.936,6,0.11,-7.704,1,Confess,dataset,4,0.0538,117.999,4,2,0.0387
0.000379,442uC2URsEEaubQevxpZz5,"6XyD0RwYqt4LVjJFIR7aQt,0WXHE67UP5ZsjllpT0shsG",0.559,1,416529,0.991,1OpAX55x7YY6MR1yK1029f,0.697,2,0.115,-2.481,1,Cecilio (Alexey Volkov Remix),dataset,0,0.0513,121.004,4,5,0.522
0.0518,49MNmJhZQewjt06rpwp6QR,6FXMGgJwohJLUSr5nVlf9X,0.365,1,357133,0.806,3N2UhXZI4Gf64Ku3cCjz2g,0.52,8,0.135,-8.948,1,Inertia Creeps,dataset,53,0.0849,167.383,4,4,0.388
0.495,1804Hx305EsQWJC3UdKj0g,60df5JBRRPcnSpsIMxxwQm,0.389,1,195867,0.277,24ZSD6XuCJY9EeEBOlKmoW,0.0,9,0.138,-13.15,1,I've Got Dreams to Remember,dataset,21,0.0279,141.75,3,1,0.402
0.573,1804Hx305EsQWJC3UdKj0g,60df5JBRRPcnSpsIMxxwQm,0.666,1,141000,0.55,2K8zvANZvPuUl3mdAQcqga,1.84e-06,10,0.122,-8.672,1,Hard to Handle,dataset,25,0.0612,95.552,4,4,0.961
0.16,48JCtHnNoHxpm2qVXd4DV3,0Z4CzYz9ieK8q9XiVMPkW5,0.721,1,410973,0.902,6acxFHrUWfEoivaeaeMOlz,0.131,5,0.0406,-13.345,0,Money Talks,dataset,15,0.0421,114.018,4,4,0.677
0.185,48JCtHnNoHxpm2qVXd4DV3,0Z4CzYz9ieK8q9XiVMPkW5,0.753,1,235333,0.749,6KWkxLqiIja88Snzz3a9w3,0.444,2,0.0702,-13.935,1,Holy Ghost,dataset,27,0.0506,103.801,4,1,0.766
0.139,3Yf8sowxdYWd2c2ppmNEFT,0Z4CzYz9ieK8q9XiVMPkW5,0.566,1,351800,0.868,2tBR0ujYQTrYHLGtMPBkNE,0.794,8,0.0542,-11.195,1,Coldblooded,dataset,16,0.0911,125.804,4,1,0.51
0.00575,3C7obYTsZHGtCA1pfnllz5,"7ajUo7DyiAOYvCndGLoJ1u,1Z8ODXyhEBi3WynYw0Rya6",0.845,1,263920,0.636,22Owb4wvjsnmHZcFe7MYdn,0.0,4,0.362,-7.691,0,More Than U Know,dataset,26,0.204,104.078,4,22,0.355
0.179,7wQxKtAeDiAnGlFXglzodc,0m5FakHKCQdA7UN0PIzMcL,0.847,1,468133,0.367,0pfgsTxww0rkDbKToNGCQx,0.551,3,0.383,-12.609,1,Here's to the Afterlife,dataset,44,0.0618,113.675,4,5,0.698
0.637,2yAyZp16EbanQ9pBwQs70x,0m5FakHKCQdA7UN0PIzMcL,0.627,1,412418,0.371,6TIOhfnPBw0k5s3KHN3VHO,0.0643,2,0.0759,-10.621,1,A Different Age,dataset,21,0.0269,143.935,4,7,0.361
0.000104,59bnZ1XlQI6AeJPBn4Yu4t,0k8UHfMqW86uvhmhHiYzj3,0.384,1,297273,0.578,4omurqpm7aWH9VVz2Ii4yO,0.886,11,0.125,-9.624,1,Change Your Mind,dataset,53,0.0312,150.013,4,10,0.0984
0.668,42UlBa3R0roJ2pXtXtrh3m,10dzW1PpkEFPkeQSqvgXvw,0.304,1,215510,0.448,7GX2EccIg5VD7InHLwLfcQ,0.567,5,0.124,-10.667,0,"it's ok, you're ok",dataset,47,0.0467,98.005,4,1,0.0465
0.00401,2ny1rPsLOoKNFZhMLubMrs,1nJvji2KIlWSseXRSlNYsC,0.494,1,283000,0.735,1o6DclZHw0HomxXEQR1ijX,3.14e-06,5,0.544,-8.347,1,Rock and Roll - Full Length Version; 2015 Remaster,dataset,61,0.0345,132.526,4,3,0.742
0.193,3rviuWcN9sn7p55Bcl7p3M,"6LHsnRBUYhFyt01PdKXAF5,28j8lBWDdDSHSSt5oPlsX2",0.659,1,265282,0.831,36Lb2L21fDT7vtl0r7zpa5,0.498,7,0.111,-6.575,1,Desire - Single Edit,dataset,59,0.0485,120.002,4,1,0.419
0.0391,7arPTV1rzrBTdeTSmaE5eG,7BgEOZ9w3Y4IMShXTMu1nN,0.481,1,239000,0.771,3bkTNaoMpD7ITK2qhPnXmH,0.0,9,0.217,-6.209,1,Lambada,dataset,51,0.202,188.027,4,3,0.298
0.171,2dMmcXlG8xtRJNlsjIrPWe,4nUBBtLtzqZGpdiynTJbYJ,0.561,1,240133,0.79,6VFaZ3zgXaRbc79GRqhbBz,0.0,7,0.291,-4.817,1,Wink,dataset,45,0.0385,110.016,4,9,0.552
0.399,3gqzvKl6KSC4HWKOUy4Qpp,6n6ot5JVa8YO9z82eNbvd8,0.621,1,264107,0.574,17Wd8VvYwQmzw3haIvZqlx,0.826,10,0.125,-11.96,1,Moulin: Tohubohu: I.,dataset,9,0.064,154.495,4,6,0.497
0.965,3gqzvKl6KSC4HWKOUy4Qpp,6n6ot5JVa8YO9z82eNbvd8,0.539,1,123253,0.335,4WVnYSL178N49apQKKbESE,0.855,0,0.101,-10.579,1,Moulin: Le Beau galop,dataset,2,0.059,176.79,3,5,0.21
0.936,1OvmilWKtrabJGEpPRlgK5,"4F7Q5NV6h5TSwCainz8S5A,2hGh5VOeeqimQFxqXvfCUf",0.464,1,255227,0.305,0E8q2Fx2XuzXCO2NSAppkR,0.0846,3,0.208,-12.435,0,In A Sentimental Mood,dataset,68,0.0316,108.229,4,1,0.282
0.197,3tQd5mwBtVyxCoEo4htGAV,34EP7KEpOjXcM2TCat1ISk,0.826,1,216133,0.566,24vNw0Z0srb4zYXwrakw8E,0.0,10,0.356,-10.747,0,Wu-Tang Clan Ain't Nuthing ta F' Wit,dataset,66,0.31,99.13,4,7,0.653
0.0328,3xQhF7EoL5DS0DceUsG8Fv,"2ePIzx9NjxplS724QMZtsf,2JzpIUoj6kZ8r11iE46yq7",0.795,1,342087,0.859,0CHCkGgSz7WWQKUjqtUm2C,0.856,6,0.0799,-6.75,1,Icare - Yuksek Remix,dataset,30,0.0492,117.995,4,2,0.792
0.285,5tV2ZkLT9B9FgELlB2rQ2L,"0lAjFl20uNiFMWafrHRxea,2DhEF3I3PnZqnVMQJIlotD",0.911,1,344619,0.502,4YJFGUiA9qnybz5rryMgAt,0.00704,1,0.11,-12.303,1,Cant Buy Love,dataset,20,0.215,119.966,4,2,0.417
0.076,3yMay45a35COFoxfJkZ7YW,5Owm9QgL9BSCRQKTX6T08G,0.704,1,527566,0.932,32gS4FzxqAONHaXdrDfwIB,0.79,10,0.369,-8.083,0,Sun My Sweet Sun,dataset,37,0.036,119.978,4,1,0.447
0.000394,2nLvbWYe0S4DUARQ841jMy,36oy3scxRLRqG8uptf04vG,0.739,1,434476,0.73,3XMyro9PJRdUnYnm0bFWbw,0.876,0,0.171,-9.332,0,Prince Of Persia,dataset,15,0.0482,119.996,4,1,0.366
0.0176,5bMM6ZMqgQYROIz9Ptcyst,5cYxob4Dt5P2jCTKvZULxW,0.84,1,389855,0.511,1h0ewg6Tl60mC9Z720qsre,0.721,7,0.107,-10.12,1,What You Say Now,dataset,3,0.0742,120.064,4,1,0.578
0.00324,4BySUTdqizA8FkytjvHT06,3CEff05ERJyRJMc6tanHfN,0.777,1,296789,0.63,70BCkUKm9IjnxPZZetESru,0.818,8,0.178,-10.356,1,2000 E SINTI,dataset,4,0.0548,122.039,4,1,0.106
0.000458,4BySUTdqizA8FkytjvHT06,3CEff05ERJyRJMc6tanHfN,0.804,1,322317,0.859,0TkmImV6fSaB6aYTSSe3nX,0.882,1,0.0879,-9.521,0,42428266,dataset,2,0.0601,120.004,4,4,0.0391
0.073,4BySUTdqizA8FkytjvHT06,3CEff05ERJyRJMc6tanHfN,0.875,1,292619,0.49,4QbTsfZvU7K5Ir2R3uysRF,0.174,1,0.0956,-10.306,1,LAMBORGHINI,dataset,4,0.106,122.983,4,3,0.262
0.505,6wjryxtrKxzTZID9kyZUV5,4oDjh8wNW5vDHyFRrDYC4k,0.753,1,194427,0.663,5dvpipXxOIH96gcGEKR1Iu,0.0598,8,0.115,-8.073,1,Ain't Nothing Changed,dataset,61,0.176,90.011,4,5,0.149
0.00852,4BySUTdqizA8FkytjvHT06,3CEff05ERJyRJMc6tanHfN,0.798,1,364852,0.503,1WfYMTGZZNjU0kt8Jl9hM6,0.0659,7,0.137,-10.79,1,KALASHNIKOSOVO,dataset,5,0.215,122.039,4,2,0.243
0.00025,2Dx2pejohytZY4trUlx2SZ,"09LxneoTmRpuN3Jp8Ut4EX,35yIBhQpQMRl7MmYdZdGwf",0.726,1,382278,0.896,1DsVP92ZY07zwmQIDbCitk,0.869,4,0.114,-8.74,0,Attraverso lo specchio - Fabrizio Mammarella Remix,dataset,12,0.0943,120.998,4,9,0.117
0.0225,1wwK4u12VfUgXNsXUjE2km,"0WeNBS6jjzTYWe3eywkuuq,09LxneoTmRpuN3Jp8Ut4EX,4vfG2njRnPeOTEq3OpW3T6",0.735,1,203625,0.554,1cTi2HkrcMPbyVoqzNUqwr,0.00054,1,0.427,-9.533,1,LA POLICE,dataset,13,0.188,117.937,4,1,0.675
0.0146,5y0uyNK6vcWJd4QrZ30efi,1k3YZ0dnxos9jQFo1daeZ0,0.778,1,457411,0.698,5DN3yFxA6RNpknuD87Uqu5,0.894,11,0.109,-8.683,0,Masochistas,dataset,7,0.0463,101.998,4,4,0.251
0.0279,3gzrTR776tnihcwQrFn3Xi,1k3YZ0dnxos9jQFo1daeZ0,0.846,1,422124,0.453,7s8BuaPTarimcf4NhN0784,0.228,7,0.352,-11.184,1,Amore Cannibale,dataset,0,0.23,166.005,4,1,0.327
0.0345,3gHvsTdiiZWGxEg32lyLwk,3nFkdlSjzX9mRTtwJOzDYB,0.621,1,212267,0.672,4PEqCWLmtJ4KraG8cxSL5m,0.0,6,0.0899,-6.662,0,D'evils,dataset,45,0.308,84.995,4,6,0.514
0.256,2w9qrrsJaLRQuZPJeI9acc,5FWTu1MZdB5fjKif2rZldJ,0.772,1,386213,0.755,5QREkNN2kAKUsXppK9Vrcu,0.0087,11,0.0963,-7.375,0,Money,dataset,47,0.132,133.136,4,5,0.89
0.00704,5Y43jCNfvrhdC9fzfmuAOE,1AMMMSq3rJdZtFGnBXEkz7,0.796,1,220293,0.658,2ltdGDPJjtAlbZ8P2d4gv9,0.0927,11,0.0885,-8.829,0,Flag Dub,dataset,39,0.0457,137.65,4,4,0.832
0.0326,2s3jIJbGT2CYl0jZptqrIQ,5keeQyPKYRxUCKDMECTXG3,0.8,1,381307,0.548,5KA5o4azieJAG8O4BOTvJO,0.0054,1,0.0633,-16.243,1,Guess Who's Coming To Dinner,dataset,40,0.0528,134.942,4,4,0.925
0.0713,5hvxysDLuDCZSH7U4j9C9N,6yTNMMqumesCWhMJ47HB2a,0.749,1,388227,0.296,1YpH91YcUZlo2mxKJVhWM8,0.00458,4,0.0879,-17.927,1,Zungguzungguguzungguzeng,dataset,49,0.356,164.707,4,1,0.475
0.432,0FqUTYrs4FtPbav2Ry2I1M,0nGxKkhmIzyu6bvuXrko1e,0.604,1,328240,0.458,4jIO4fWetRQXS6Tw1XbhWD,0.00446,4,0.0804,-15.055,0,Fisherman,dataset,49,0.161,174.248,4,1,0.636
0.0284,2oQRJBqNNG0AG0IZiok4cj,1edl5fzpdS471TaQ8Bgs3w,0.813,1,281887,0.236,1yDEFW9WSz1JqaoK2gJGPx,0.00671,1,0.0977,-19.583,0,Your Teeth In My Neck,dataset,42,0.293,146.564,4,1,0.523
0.304,2VMGv3inRLPM4GOMXf37qu,"2B4ZHz4QDWJTXPFPgO5peE,1Oa0bMld0A3u5OTYfMzp5h",0.849,1,248867,0.521,7nYvUtkQMx1v80S2FH2s9J,1.65e-06,11,0.115,-12.999,0,Regulate,dataset,75,0.216,95.265,4,1,0.763
0.00575,6vdFSyhPjL4dZFkgRtToXH,"6DPYiyq5kWVQS4RGwxzPC7,7hJcb9fa4alzcOq3EaNPoG",0.801,1,238467,0.699,4YtoipFgf4k0AfD17ZfD5X,0.0,11,0.146,-8.18,0,"Nuthin' But A ""G"" Thang",dataset,74,0.279,94.605,4,5,0.655
0.134,3AZYNdRI9wD3xaRYuqMmZB,"3y24n3XhZ96wgwRXjvS17T,0vHAWbRVMR4fNF1ABEe8D2",0.875,1,250160,0.481,62h3HmtlAmot4A9zwKVRSq,0.00112,1,0.132,-13.337,1,"Mama, I'm in Love Wit a Gangsta - Mix",dataset,25,0.312,85.021,4,3,0.836
0.0387,3gqzvKl6KSC4HWKOUy4Qpp,6n6ot5JVa8YO9z82eNbvd8,0.583,1,253640,0.383,3t3bQrpAWu0RnTXaSzUiiS,0.808,10,0.114,-11.893,0,Moulin: La Bougie,dataset,7,0.0329,101.954,4,4,0.551
0.152,3gqzvKl6KSC4HWKOUy4Qpp,6n6ot5JVa8YO9z82eNbvd8,0.515,1,362640,0.612,0FPVCaLJGtqQhzbZk65PyL,0.719,10,0.148,-10.65,0,Moulin: Le Saule,dataset,7,0.0784,79.439,4,1,0.66
0.15,3gqzvKl6KSC4HWKOUy4Qpp,6n6ot5JVa8YO9z82eNbvd8,0.544,1,310107,0.464,0Oj7oBqdWdS2etyZFcvC30,0.828,5,0.0938,-13.378,0,Moulin: Tohubohu: II.,dataset,10,0.0798,81.578,4,7,0.25
0.0062,6TmRzFY6MyCLtXwVhkCPKB,"4vwzEW1kPK1BlgSBGrRyqZ,70s4WJVviwkQ1SnqPFEppX",0.882,1,258320,0.661,3CA3wAOZ7U3nt96W2QKtFp,0.00425,7,0.0585,-5.14,1,Black Is the Night,dataset,49,0.0782,94.009,4,10,0.689
0.402,04nhRulMSOvcRCGRTa7I5l,53QzNeFpzAaXYnrDBbDrIp,0.679,1,306800,0.374,1tL5a9jowsWMtn3wkFYsG9,2.49e-05,11,0.0541,-10.565,0,"Footsteps in the Dark, Pts. 1 & 2",dataset,61,0.0482,80.86,4,2,0.871
0.197,5K3FfkoIozJuEOhiwOm5SR,60df5JBRRPcnSpsIMxxwQm,0.588,1,139493,0.611,16dz1n3ctolQbuZPtvHVqH,8.79e-05,11,0.0518,-9.088,1,Love Man,dataset,58,0.0311,149.141,4,6,0.937
0.7,68BCjMsHX4Gf11BJSkjwGz,60df5JBRRPcnSpsIMxxwQm,0.499,1,181667,0.246,4pdLyulbYLCrPmDzWWeJIZ,0.00227,9,0.0965,-12.806,1,I've Been Loving You Too Long,dataset,60,0.0325,148.468,3,5,0.152
0.551,68BCjMsHX4Gf11BJSkjwGz,60df5JBRRPcnSpsIMxxwQm,0.74,1,175853,0.322,5zQyqgNXKzhifkivumzxDS,0.000763,0,0.17,-9.26,1,My Girl,dataset,62,0.0399,102.889,4,7,0.629
0.279,2BFOk5b8jjm2xmsbx7qXq3,60df5JBRRPcnSpsIMxxwQm,0.883,1,172333,0.464,1aj4GXfmEYXfdVZohCpNKu,1.51e-05,10,0.0744,-11.251,1,Stand by Me,dataset,70,0.0591,111.548,4,3,0.925
0.186,25uNcuL4dAoV62eKmr8Q0Y,60df5JBRRPcnSpsIMxxwQm,0.587,1,201733,0.133,36AlMHDBFwSsD3FQOy1R81,2.26e-05,9,0.258,-15.151,0,Try a Little Tenderness,dataset,66,0.0565,102.938,4,5,0.068
0.341,0kL3TYRsSXnu0iJvFO3rud,2YZyLoL8N0Wb9xBt1NhZWg,0.667,1,258827,0.508,3I0FBDc1c1BLNtXWKVjmFg,0.0,5,0.644,-10.337,1,untitled 02 | 06.23.2014.,dataset,61,0.451,89.436,3,2,0.093
0.809,3Rmh8a4XhtaVz2J3sLNkTK,7tmMPdOmFvdRvbj2aWoiRi,0.763,1,291373,0.38,7JcafiMnlotFAowA1MYRUk,2.78e-05,6,0.099,-9.278,0,Quello Che Intendevi,dataset,27,0.0907,76.983,4,9,0.668
0.238,77qrcKli1nqIVVsy2fI1yU,6q8f3fxaWqkXzkbxtKOzYF,0.842,1,237308,0.873,7rbqd5c7Fg1CdLqQRab4YO,1.14e-05,7,0.0601,-7.323,1,Salirò,dataset,51,0.075,126.001,4,1,0.79
0.175,0LFIPXXxCjybZoE6H0tswB,7bAIYB0KGbYXlGbIjyFAcI,0.712,1,235400,0.547,06qT9GTvCvMR0Lz29pN9CN,0.168,3,0.0582,-12.14,1,Gli impermeabili,dataset,48,0.0275,125.924,4,8,0.963
0.183,1m3Fzzi7G6BJqHbngzmJYi,37x1MqNXlCtuLLYSXYX7jA,0.679,1,240760,0.902,3JiiSo4yW8FYVnWNlvzEFO,7.38e-05,11,0.133,-5.848,1,Amore Disperato - 2004 Remaster,dataset,52,0.0628,157.726,4,1,0.866
0.395,5gSBDA6ufk8UZejT4XR7av,0LcJLqbBmaGUft1e9Mm8HV,0.445,1,168960,0.949,3Dy4REq8O09IlgiwuHQ3sk,8.18e-06,2,0.0902,-4.682,1,Waterloo,dataset,69,0.0471,147.604,4,1,0.653
0.0383,03gwRG5IvkStFnjPmgjElw,77mJc3M7ZT5oOVM7gNdXim,0.518,1,246231,0.899,7jay75cMfpEIyIkkvmemYr,0.903,1,0.106,-4.148,0,Dorothy,dataset,54,0.0384,145.04,4,1,0.912
0.0102,03gwRG5IvkStFnjPmgjElw,77mJc3M7ZT5oOVM7gNdXim,0.551,1,151722,0.959,7mwLlFNlWD4AOFoxPJTPwn,0.325,6,0.0463,-2.497,0,Speed Racer,dataset,51,0.0463,92.487,4,5,0.971
0.0124,03gwRG5IvkStFnjPmgjElw,77mJc3M7ZT5oOVM7gNdXim,0.534,1,375656,0.62,5wv2XK6ms7KBBVDD1cOwlx,0.000736,0,0.296,-6.775,1,Cool with You,dataset,66,0.0504,106.986,4,2,0.547
0.0589,3D9h2KEpQTOSkmBW9HfzL7,1AMMMSq3rJdZtFGnBXEkz7,0.668,1,293817,0.366,14mL2VQTIe42uFmpnMdmVV,0.929,8,0.13,-10.509,0,Eastwood Dub,dataset,31,0.0415,143.173,4,6,0.584
0.0503,1QSFE4FIp4c1fbPAZWzlha,2ffhJMXvdEJFZISX76ccQL,0.875,1,301667,0.522,13vbE21bpJBQnTL82nhaJ4,0.000661,7,0.0623,-8.502,1,Oh What A Feeling,dataset,37,0.131,143.216,4,3,0.817
0.0356,42Z8YPMCJP83v0gojP2ezn,02QS4GibrL7zDnqe4OWWeu,0.858,1,189236,0.381,1w7aWiib4kZ7vF34RHVPhE,0.0,6,0.255,-10.092,0,One Spliff A Day,dataset,28,0.359,130.094,4,1,0.763
