album,album_id,artist,artists_id,disc_number,id,name,playlist,playlist_id,popularity,preview_url,track_number,uri
Blue,3iJC6zOsnq5nzmFlzPMolJ,Sully,6ryGFEDvM7703b889hPUFZ,1,06RgxHnsKF698qlyhT9y1B,M141,M141,7fVARlHGTrSvkaNXhjSVxC,8,https://p.scdn.co/mp3-preview/791311dc4ab83c7e7d4f198b73646d34f5525ea1?cid=e6971699b1de430f8161d4093d1d0d09,8,spotify:track:06RgxHnsKF698qlyhT9y1B
Dark Dub,6bPu6rCdZDvPI9OXneX0hk,Coco Bryce,08hjAM9XAD28O0nWVKmlx5 AND 1jR7PWJW17d3h2kEUqW0Tu,1,7tK88QYYNNsIGCeofyOiAa,Dark Dub - FFF Remix,M141,7fVARlHGTrSvkaNXhjSVxC,1,https://p.scdn.co/mp3-preview/94c8a4cb2f0cef5ab656e155db628fd6ac42d12a?cid=e6971699b1de430f8161d4093d1d0d09,6,spotify:track:7tK88QYYNNsIGCeofyOiAa
Compro,3yXIkSJWpudtgF0TZuB16U,Skee Mask,2qwi0hBvI2GrbkurOnw3hZ,1,45FAMJcFXi54enCDY0zUMy,Via Sub Mids,M141,7fVARlHGTrSvkaNXhjSVxC,33,https://p.scdn.co/mp3-preview/7d1e9c4ff8aca84f83cef115078dadd105e2ba75?cid=e6971699b1de430f8161d4093d1d0d09,5,spotify:track:45FAMJcFXi54enCDY0zUMy
The Sauce / Untouchable,3dfnqLruP3FqIdPSxlJZn6,The Sauce,3pd9T0v8w1tURzhv7BQWRG,1,5lcqMc6cLsTiCRx4rbj46b,The Sauce,M141,7fVARlHGTrSvkaNXhjSVxC,17,https://p.scdn.co/mp3-preview/a0a7042442ec825ccd3d2eafba2122aa045d0c12?cid=e6971699b1de430f8161d4093d1d0d09,1,spotify:track:5lcqMc6cLsTiCRx4rbj46b
Suddenly Remixes,1lulYXHFBSYd8Y1hbaPXzE,Caribou,4aEnNH9PuU1HF3TsZTru54 AND 2EFsfh1zewsSWhDINv7j1I,1,7d2Viw3CPExe5TZeKFLbeP,Sunny's Time - Logic1000 Remix,M141,7fVARlHGTrSvkaNXhjSVxC,33,https://p.scdn.co/mp3-preview/15f6bfaad44aad015a4bf90d17b184dd587adbec?cid=e6971699b1de430f8161d4093d1d0d09,4,spotify:track:7d2Viw3CPExe5TZeKFLbeP
Suddenly Remixes,1lulYXHFBSYd8Y1hbaPXzE,Caribou,4aEnNH9PuU1HF3TsZTru54 AND 2AR42Ur9PcchQDtEdwkv4L,1,1qBCf4EqC2E2BFnCdRPrkD,Sister - Floating Points Remix,M141,7fVARlHGTrSvkaNXhjSVxC,35,https://p.scdn.co/mp3-preview/7decdc529a4e7c71c8d4b9b4b334d282114530b0?cid=e6971699b1de430f8161d4093d1d0d09,5,spotify:track:1qBCf4EqC2E2BFnCdRPrkD
Champion Ep [RELOADED],2ZZE6tlNXMRPSgqlt5zW5B,Sam Binga,2oyU4eToyQkxAFjkB3blsi AND 3Q0LSoV64A2FTwAFCzyDyq AND 1pliPsl6yHIkyhtdo54ERZ AND 6X3QjCYg5HcTwO5FPVQj0J,1,6VAn8Mro4VqbreBe7nyZ2F,Proud feat. Tiffanie Malvo - Enei Remix,M212,6eFYXFY2tYh3j2unXsyQPz,43,https://p.scdn.co/mp3-preview/630c442eea6442a3a4c0a15a693e87c525f84412?cid=e6971699b1de430f8161d4093d1d0d09,1,spotify:track:6VAn8Mro4VqbreBe7nyZ2F
Organic - Enei Remix,0X0AizUccqs8ypSk30HA60,Sam Binga,2oyU4eToyQkxAFjkB3blsi AND 3Q0LSoV64A2FTwAFCzyDyq AND 6X3QjCYg5HcTwO5FPVQj0J,1,4UvcSI7Jk08tWPjB8pTzd7,Organic - Enei Remix,M212,6eFYXFY2tYh3j2unXsyQPz,32,https://p.scdn.co/mp3-preview/a65b2e9fb3b092f78ad996aa4d59d35fdc79288b?cid=e6971699b1de430f8161d4093d1d0d09,1,spotify:track:4UvcSI7Jk08tWPjB8pTzd7
Focus,3CRrH2lvO0U4kP6PCUbxGA,Lost City,3p3YeAttGcqoqvUoBKkXU9 AND 3Q0LSoV64A2FTwAFCzyDyq,1,1Xl6AHOlXKZP6va88YcaSr,Focus - JNGL Mix,M212,6eFYXFY2tYh3j2unXsyQPz,15,https://p.scdn.co/mp3-preview/24d16ff012226aa9d33f5e0f5cd069d44b155d79?cid=e6971699b1de430f8161d4093d1d0d09,3,spotify:track:1Xl6AHOlXKZP6va88YcaSr
Veteran (VIP),4VtHYtPbo7ElrAzN7CRHu4,Bou,35dxfY1wywqVRUEaVuMm13 AND 4LqFJ98PEA7gIrRtviMUmb,1,1v0671GGqimaoetFv1IvAZ,Veteran - VIP,M212,6eFYXFY2tYh3j2unXsyQPz,42,https://p.scdn.co/mp3-preview/aeb872c81c23f9a6a54461fbbae3e02c2e41ccf6?cid=e6971699b1de430f8161d4093d1d0d09,1,spotify:track:1v0671GGqimaoetFv1IvAZ
Dem Ah Sleep,1LP9GhVk1nykVYE4HCbJDu,Bukkha,7ADHSBDZKBUoay9s2qXfBA AND 5CnQz4KUACi1ZJrGWPVcr9 AND 3Q0LSoV64A2FTwAFCzyDyq,1,7tKynxRZ4pxHEj8upt13GR,Dem Ah Sleep,M212,6eFYXFY2tYh3j2unXsyQPz,16,https://p.scdn.co/mp3-preview/ec18ff050335a6cfe5aa81010626d2ee7948e7f7?cid=e6971699b1de430f8161d4093d1d0d09,1,spotify:track:7tKynxRZ4pxHEj8upt13GR
Obliterate,6Y9h8ejXLLBu4U4orcRock,Bukkha,7ADHSBDZKBUoay9s2qXfBA AND 5i0Zy56VUkXEqxnnfckMoG AND 7vIqeUrMmLq6ULjRPZTKna,1,3qv4VwoRehFAvb5VKfzMVt,"Obliterate, Pt. I",M212,6eFYXFY2tYh3j2unXsyQPz,24,https://p.scdn.co/mp3-preview/69e491dddf46adfe0b3b032935dab04ab9b5d427?cid=e6971699b1de430f8161d4093d1d0d09,1,spotify:track:3qv4VwoRehFAvb5VKfzMVt
The Sauce / Untouchable,3dfnqLruP3FqIdPSxlJZn6,The Sauce,3pd9T0v8w1tURzhv7BQWRG,1,4gL7xmDKezsYrxwa9kUhGU,Untouchable,M212,6eFYXFY2tYh3j2unXsyQPz,10,https://p.scdn.co/mp3-preview/faafdc39f04f55559a5cfa49b1600a57b37a4a94?cid=e6971699b1de430f8161d4093d1d0d09,2,spotify:track:4gL7xmDKezsYrxwa9kUhGU
Raggamuffin Reloaded,7ck2hQEDtns36ZczA84H13,SHY FX,5oDtp2FC8VqBjTx1aT4P5j AND 4Dj3ahDCFjotIV1O5Ung6o AND 13saZpZnCDWOI9D4IJhp1f AND 3pd9T0v8w1tURzhv7BQWRG,1,7AOAAqraAWrsqjl8U1UyLH,Roll The Dice (feat. Stamina MC & Lily Allen) - The Sauce Remix,M212,6eFYXFY2tYh3j2unXsyQPz,36,https://p.scdn.co/mp3-preview/dd3b95d07f8906fa6cc9d36007c7ef2d086df43b?cid=e6971699b1de430f8161d4093d1d0d09,2,spotify:track:7AOAAqraAWrsqjl8U1UyLH
"Honey, I Shrunk The Rave, Vol. 1 (DJ Mix)",0Jn2rXkgAYZYcdqAi42FL7,SHY FX,5oDtp2FC8VqBjTx1aT4P5j AND 494OPqLjjEhjKil1G6MWho AND 3iL52u3kr14P6cTpB0VuEs AND 30kJfbEArK38I2RO6mmhxv,1,20yEnARzV4WDZ3EEGpd5YH,Badboy Business (feat. Kate Stewart & Mr. Williamz) [K.O.T.R VIP Remix] - Mixed,M212,6eFYXFY2tYh3j2unXsyQPz,31,https://p.scdn.co/mp3-preview/5d14382ae0ceb3a201e48c61548be5b521342957?cid=e6971699b1de430f8161d4093d1d0d09,12,spotify:track:20yEnARzV4WDZ3EEGpd5YH
Raggamuffin Reloaded,7ck2hQEDtns36ZczA84H13,SHY FX,5oDtp2FC8VqBjTx1aT4P5j AND 6bwkMlweHsBCpI2a0C5nnN AND 5uefF2o3y9SAAyyM9sT56w AND 2b4CwhkY6rAscPhxXVxDJl AND 28ee6rnxMl8AqwcroPfivP,1,4RIX11I5nRJTa6MmYJ6Vw9,"Balaclava (feat. MC Spyda, D Double E & Frisco) - Skeptical Remix",M212,6eFYXFY2tYh3j2unXsyQPz,41,https://p.scdn.co/mp3-preview/6e901ac9eea9ea6a69fe096177c7d29ebb59134a?cid=e6971699b1de430f8161d4093d1d0d09,3,spotify:track:4RIX11I5nRJTa6MmYJ6Vw9
Raggamuffin Reloaded,7ck2hQEDtns36ZczA84H13,SHY FX,5oDtp2FC8VqBjTx1aT4P5j AND 3iL52u3kr14P6cTpB0VuEs AND 3tgRH8lQ25Totz9QkeyC3n,1,7KZLIcZ28J52DlyLNrwqTu,Raggamuffin (feat. Mr. Williamz) - Potential Badboy Remix,M212,6eFYXFY2tYh3j2unXsyQPz,32,https://p.scdn.co/mp3-preview/8741553010acea1330e5c21066f0e3d67dcee980?cid=e6971699b1de430f8161d4093d1d0d09,4,spotify:track:7KZLIcZ28J52DlyLNrwqTu
Raggamuffin Reloaded,7ck2hQEDtns36ZczA84H13,SHY FX,5oDtp2FC8VqBjTx1aT4P5j AND 4rkmaLySgI7sl9cKfJ3tT8 AND 35dxfY1wywqVRUEaVuMm13,1,7aT0lsCbzs9Bllb8cb4z1i,Warning (feat. Gappy Ranks) - Bou Remix,M212,6eFYXFY2tYh3j2unXsyQPz,48,https://p.scdn.co/mp3-preview/81eb8229d31bbe02710abda33d365c624917d2fa?cid=e6971699b1de430f8161d4093d1d0d09,5,spotify:track:7aT0lsCbzs9Bllb8cb4z1i
420,2njJe2F93obBK2HYtxF1Vh,Chopstick Dubplate,1llsKlMeU35w7oct8C2pxI AND 21rUy2j9GSkJ6ekaKv6A8N,1,6Z71pEZXkfxnrpbjIw72tU,Herbs Toast,M212,6eFYXFY2tYh3j2unXsyQPz,35,https://p.scdn.co/mp3-preview/9850e5edadc272529cf710e97ac37a2f9285dd46?cid=e6971699b1de430f8161d4093d1d0d09,1,spotify:track:6Z71pEZXkfxnrpbjIw72tU
Raggamuffin Reloaded,7ck2hQEDtns36ZczA84H13,SHY FX,5oDtp2FC8VqBjTx1aT4P5j AND 3iL52u3kr14P6cTpB0VuEs AND 494OPqLjjEhjKil1G6MWho AND 3OHnTiMsWYjSyj52aKmrBP,1,6mJ0E3rIYagvUDsqO3sRen,Badboy Business (feat. Kate Stewart & Mr. Williamz) - Kings Of The Rollers Remix,M212,6eFYXFY2tYh3j2unXsyQPz,27,https://p.scdn.co/mp3-preview/10543950278b4b7e881d729134ddcdada01e1544?cid=e6971699b1de430f8161d4093d1d0d09,6,spotify:track:6mJ0E3rIYagvUDsqO3sRen
Sun Gaze II,2UzEEr3LEKsLUKZQVCsXOo,Nicola Cruz,0OltT51j3hIkgaDJqqPzDn,1,1oOILQcYPk9FDfgcu8LzoH,Pagano - Original Mix,Tiki Bunker,5gnXcV3VtWBZH47UDKhKMC,32,https://p.scdn.co/mp3-preview/84031f0182458a834cda08be5896ec9176ffb130?cid=e6971699b1de430f8161d4093d1d0d09,1,spotify:track:1oOILQcYPk9FDfgcu8LzoH
Cantos de Vision,2FFMtf8Log72Ow5A3ExNv5,Nicola Cruz,0OltT51j3hIkgaDJqqPzDn,1,2xixdZ2dxE00bX6A6jV17m,Tzantza,Tiki Bunker,5gnXcV3VtWBZH47UDKhKMC,47,https://p.scdn.co/mp3-preview/0762fe033fb77386eabe48365a7d122df60bac9e?cid=e6971699b1de430f8161d4093d1d0d09,1,spotify:track:2xixdZ2dxE00bX6A6jV17m
Visiones,62gKfe40f9KTZpkuGnbmED,Nicola Cruz,0OltT51j3hIkgaDJqqPzDn AND 3BQDgh6CjxVXMhy00YEx3G,1,5auJid3318lKJOVzKfAGdW,Invocacion - Uji Remix,Tiki Bunker,5gnXcV3VtWBZH47UDKhKMC,31,https://p.scdn.co/mp3-preview/4d1bce7c7514b245b2f3fe1ace6f9dd1c43f6685?cid=e6971699b1de430f8161d4093d1d0d09,4,spotify:track:5auJid3318lKJOVzKfAGdW
Visiones,62gKfe40f9KTZpkuGnbmED,Nicola Cruz,0OltT51j3hIkgaDJqqPzDn AND 6QdAAViTbB6P2XWfWFuDBV,1,3gYe1huwYTdioOT7Kob3k1,Bruxo - JAJA Remix,Tiki Bunker,5gnXcV3VtWBZH47UDKhKMC,35,https://p.scdn.co/mp3-preview/fcf58553041458a50f1642581c183ef71f8b8f52?cid=e6971699b1de430f8161d4093d1d0d09,2,spotify:track:3gYe1huwYTdioOT7Kob3k1
Prender el Alma,7Mz3hUKPxQMZco25qZ6sQF,Nicola Cruz,0OltT51j3hIkgaDJqqPzDn,1,4mrkRBRhahbgcfimPihZVN,Colibria,Tiki Bunker,5gnXcV3VtWBZH47UDKhKMC,54,https://p.scdn.co/mp3-preview/001707a8bda5207a27d638ff03b5cd0924e12c41?cid=e6971699b1de430f8161d4093d1d0d09,6,spotify:track:4mrkRBRhahbgcfimPihZVN
El Origen,0wOHl1sUUJ5fw2YLCClpyr,Rodrigo Gallardo,3fxdn6mfKvNFJ1Zx37On7W AND 1oXdrffaOVmxTsY90wSmbF,1,3Gy7zGBqXRp6MAlx5wXQgB,Maria Sabina,Tiki Bunker,5gnXcV3VtWBZH47UDKhKMC,39,https://p.scdn.co/mp3-preview/f2ddf5cc9735b2a37200e9290535bdf1a4df83cb?cid=e6971699b1de430f8161d4093d1d0d09,2,spotify:track:3Gy7zGBqXRp6MAlx5wXQgB
Significant Others,3LPOvF8M3DijXowBs1MdDr,Nicolas Jaar,5a0etAzO5V26gvlbmHzT9W,1,0YQznyH9mJn6UTwWFHqy4b,El Bandido,Tiki Bunker,5gnXcV3VtWBZH47UDKhKMC,57,https://p.scdn.co/mp3-preview/7ed3e4b3649fa080f8d8eadb01f46058fde7e4cb?cid=e6971699b1de430f8161d4093d1d0d09,3,spotify:track:0YQznyH9mJn6UTwWFHqy4b
Sirens,2EvZiOMBlC9b5hbjbZCjZv,Nicolas Jaar,5a0etAzO5V26gvlbmHzT9W,1,1fhIOXvolJoR1cIbS6ryyp,No,Tiki Bunker,5gnXcV3VtWBZH47UDKhKMC,53,https://p.scdn.co/mp3-preview/c5a84debcec700e7c32d76cbb78ecdc813ac3305?cid=e6971699b1de430f8161d4093d1d0d09,4,spotify:track:1fhIOXvolJoR1cIbS6ryyp
"Deja Vu, Vol. 1",0HntmvvabhcZAMeZZ8VMlP,Nicolas Jaar,5a0etAzO5V26gvlbmHzT9W,1,0wGMIUnEr6JIHXG9zFOShS,Mi Mujer - ’17 Remastered Edit,Tiki Bunker,5gnXcV3VtWBZH47UDKhKMC,14,https://p.scdn.co/mp3-preview/33e588cfa0b94a5d17e095fd90b9edf086d188a6?cid=e6971699b1de430f8161d4093d1d0d09,14,spotify:track:0wGMIUnEr6JIHXG9zFOShS
Prender el Alma,7Mz3hUKPxQMZco25qZ6sQF,Nicola Cruz,0OltT51j3hIkgaDJqqPzDn AND 1oXdrffaOVmxTsY90wSmbF,1,0PKpSJUTYOT2EdWIhkDi01,Equinoccio,Tiki Bunker,5gnXcV3VtWBZH47UDKhKMC,45,https://p.scdn.co/mp3-preview/aa126cced777d5f6f47e523b8638cfd2c03aacfa?cid=e6971699b1de430f8161d4093d1d0d09,8,spotify:track:0PKpSJUTYOT2EdWIhkDi01
Cenotes,7yxXs09QqG9iq1Mk6dsK5O,El Búho,1I7FVmvisCtSFzmm87mbLR,1,73myc2rii2DVG3HpTkGOnl,Manana Tepotzlan,Tiki Bunker,5gnXcV3VtWBZH47UDKhKMC,56,https://p.scdn.co/mp3-preview/8fe8c8d35c09b950a800ae00a4cba708dea1c0c4?cid=e6971699b1de430f8161d4093d1d0d09,4,spotify:track:73myc2rii2DVG3HpTkGOnl
Cosmic Waves,7iDSk8ynLZB3oEGFnYpn07,Robot Koch,47V6nyjOrUR98qv6gkYssI,1,7FSDp0tqxA50yuMAOWggWL,Follow Birds,Tiki Bunker,5gnXcV3VtWBZH47UDKhKMC,8,https://p.scdn.co/mp3-preview/dac268a6e2e1954a34aab691353d54b63b115804?cid=e6971699b1de430f8161d4093d1d0d09,4,spotify:track:7FSDp0tqxA50yuMAOWggWL
Karma / Gueto De Gent,4NjCGfP3nJ32GJBi9A5Ng7,Phillipi & Rodrigo,6XaCe40GiIt7ujxQvfmvsp,1,0oR9XRneKUIefSfy5y0IJ8,Gueto de Gent,Tiki Bunker,5gnXcV3VtWBZH47UDKhKMC,42,https://p.scdn.co/mp3-preview/24346a392e448c47dd315c25ed56ef5ceccb8a63?cid=e6971699b1de430f8161d4093d1d0d09,2,spotify:track:0oR9XRneKUIefSfy5y0IJ8
Azulejos,226Q18LiqN0AXNR2AziLbJ,Populous,5Uy8Skuxzxf38jMDTndKIU AND 4rdJkXHNrMgowlwUdQAg8T,1,3RpZI5WtSMr65hXMprVERn,Azul Oro,Tiki Bunker,5gnXcV3VtWBZH47UDKhKMC,25,https://p.scdn.co/mp3-preview/7c66c9f05f9b7c7efe49b7e96ce072401b1f8201?cid=e6971699b1de430f8161d4093d1d0d09,3,spotify:track:3RpZI5WtSMr65hXMprVERn
Tributaries: A Remix Album (El Búho Remixes),05SkQ3cqcaIaP4Oo5N9r4i,Populous,5Uy8Skuxzxf38jMDTndKIU AND 1I7FVmvisCtSFzmm87mbLR,1,4wt26JSP0zVor9MCBcq3p4,Alala - El Búho Remix,Tiki Bunker,5gnXcV3VtWBZH47UDKhKMC,27,https://p.scdn.co/mp3-preview/f1856d40fa95b7a6e55084f2b7fbbb6f7f7b2381?cid=e6971699b1de430f8161d4093d1d0d09,6,spotify:track:4wt26JSP0zVor9MCBcq3p4
Indoor Voyager EP,29wjqxriGDiYH1kFs4njxY,Oceanvs Orientalis,3gNEIgLeknpwkNViU8WAhg AND 0OltT51j3hIkgaDJqqPzDn,1,0RUgqD8jiepLsHbx1jaaMV,Tarlabasi - Nicola Cruz Remix,Tiki Bunker,5gnXcV3VtWBZH47UDKhKMC,23,https://p.scdn.co/mp3-preview/e52a6d9b270f3fd53d158157649a2d5fe5872824?cid=e6971699b1de430f8161d4093d1d0d09,4,spotify:track:0RUgqD8jiepLsHbx1jaaMV
Migration,2T64N96AVfsrRFJCUXQEoZ,Bonobo,0cmWgDlu9CwTgxPhf403hb AND 6FUsQ3dkSd27KwQ1iCugSV,1,5EGJ7e7frJjYja6H4afzoT,Bambro Koyo Ganda,Tiki Bunker,5gnXcV3VtWBZH47UDKhKMC,58,https://p.scdn.co/mp3-preview/b6a27e42e030bda246c71e6bd794ea07bdb6dacf?cid=e6971699b1de430f8161d4093d1d0d09,7,spotify:track:5EGJ7e7frJjYja6H4afzoT
Los Ángeles,1vKoozkUisDPH7Jkg7NnDL,Mitú,3OlI3HjAc1LQUmd7wozF6k,1,3Fuz4z2P9YiMffbU7lkD4l,Neko,Tiki Bunker,5gnXcV3VtWBZH47UDKhKMC,22,https://p.scdn.co/mp3-preview/dbefe79b3e9209e282d4723eced90c692c1c2974?cid=e6971699b1de430f8161d4093d1d0d09,3,spotify:track:3Fuz4z2P9YiMffbU7lkD4l
Battle Lines [Remixed],1rVRWqock6arU9LRN0jHgK,Bob Moses,6LHsnRBUYhFyt01PdKXAF5 AND 0evBopfnhhbHzmHebWTDx7,1,26F3gKJIxsyt5ogSiUSFEU,Back Down - Jonas Rathsman Remix,Tiki Bunker,5gnXcV3VtWBZH47UDKhKMC,21,https://p.scdn.co/mp3-preview/6fe39a74f7695522a8af16ceff23d58b0e5a4e61?cid=e6971699b1de430f8161d4093d1d0d09,7,spotify:track:26F3gKJIxsyt5ogSiUSFEU
Sol y Luna,0q0JtFDTRMuS0FzsVWRVzv,Alef,3AXR0vckCgEwDz8jXHkcvK,1,4FlR74PQh9SUnxDyFkoK1a,Sol,Tiki Bunker,5gnXcV3VtWBZH47UDKhKMC,52,https://p.scdn.co/mp3-preview/ee795bb1a59dff800a22f7ee847cf4caaa8eb544?cid=e6971699b1de430f8161d4093d1d0d09,1,spotify:track:4FlR74PQh9SUnxDyFkoK1a
Inversions,6q7Lbo9YK1gZ0Goo8YJkwj,Nicola Cruz,0OltT51j3hIkgaDJqqPzDn AND 1uwIzl6et4DJg5lbmyMW0g,1,5CvXgeQ0qvPZymhzdovYGD,Tzantza - Matanza Remix,Tiki Bunker,5gnXcV3VtWBZH47UDKhKMC,26,https://p.scdn.co/mp3-preview/3008a0892896e6d1d51856ab360b3acd33e4869c?cid=e6971699b1de430f8161d4093d1d0d09,4,spotify:track:5CvXgeQ0qvPZymhzdovYGD
Nyiduonge Drums,1brc8d6J9AUnNpiY1FvjEs,Owiny Sigoma Band,1C5MZsDbfzAMgDg0mOxCdY,1,1acFWHMOVQmMLxArojUxCZ,Nyiduonge Drums,Tiki Bunker,5gnXcV3VtWBZH47UDKhKMC,32,https://p.scdn.co/mp3-preview/4022f6288df6f302750a2598635edb732834c4e6?cid=e6971699b1de430f8161d4093d1d0d09,1,spotify:track:1acFWHMOVQmMLxArojUxCZ
Cosmotronic,5gETVCPK8LmShTm4L5plOc,Cosmo,09LxneoTmRpuN3Jp8Ut4EX,1,1tF3VLbEhtSJK0KN04G6iV,L'amore,Tiki Bunker,5gnXcV3VtWBZH47UDKhKMC,44,https://p.scdn.co/mp3-preview/50536c4b5bc1166a32354bae13a651845776f519?cid=e6971699b1de430f8161d4093d1d0d09,6,spotify:track:1tF3VLbEhtSJK0KN04G6iV
Be Mine (Throwing Snow Remix),5MkEjlDIGvNGqoTBDLA4ev,Tusks,2JexLbBGkh1FnSWF1uoehP AND 0Qur5LqqAVVunjY2PnjhUp,1,7wQRkOTY7EOSa7spsgDQ9c,Be Mine - Throwing Snow Remix,Tiki Bunker,5gnXcV3VtWBZH47UDKhKMC,4,https://p.scdn.co/mp3-preview/cd31b2e05785e3b7d5d91e00167c7417cdeb9d15?cid=e6971699b1de430f8161d4093d1d0d09,1,spotify:track:7wQRkOTY7EOSa7spsgDQ9c
Cosmotronic,5gETVCPK8LmShTm4L5plOc,Cosmo,09LxneoTmRpuN3Jp8Ut4EX,2,1C4sdKE2fBhvpQtuIte6Ab,5 antimeridiane,Tiki Bunker,5gnXcV3VtWBZH47UDKhKMC,22,https://p.scdn.co/mp3-preview/105eec99de530fa0808422bec77b85f062a661a7?cid=e6971699b1de430f8161d4093d1d0d09,5,spotify:track:1C4sdKE2fBhvpQtuIte6Ab
Movimento,33E3nbaZSGWg8pcYYctxvX,Carrot Green,56LbkVrwiOOlCLoIPVeEhY AND 3jSvMIKT2Eo5mNvYN9ownN,1,176U53VqK3no9NhQUPHoPL,Movimento - Noema's Luzes da Cidade Remix,Tiki Bunker,5gnXcV3VtWBZH47UDKhKMC,14,https://p.scdn.co/mp3-preview/b5f2a15dfc14fabfa7c4beb2a025fb72355a62e9?cid=e6971699b1de430f8161d4093d1d0d09,2,spotify:track:176U53VqK3no9NhQUPHoPL
Currents B-Sides & Remixes,04uXkrNhFJ1iWEo88MGPva,Tame Impala,5INjqkS1o8h1imAzPqGZBb AND 4Oov8BULUOBiX6UVpP04JW,1,6aFxp3szJUOyI8MSDBKbFB,Reality In Motion - GUM Remix,Tiki Bunker,5gnXcV3VtWBZH47UDKhKMC,39,https://p.scdn.co/mp3-preview/48ab588965630200e269581bb8f19e2bfcc263ca?cid=e6971699b1de430f8161d4093d1d0d09,4,spotify:track:6aFxp3szJUOyI8MSDBKbFB
Prender el Alma,7Mz3hUKPxQMZco25qZ6sQF,Nicola Cruz,0OltT51j3hIkgaDJqqPzDn,1,6qINThmTDYBm8twguFRueG,Cumbia del Olvido,Tiki Bunker,5gnXcV3VtWBZH47UDKhKMC,64,https://p.scdn.co/mp3-preview/3838c67cf1cef08b8c1771531d08d9033679a09c?cid=e6971699b1de430f8161d4093d1d0d09,4,spotify:track:6qINThmTDYBm8twguFRueG
Cosmotronic,5gETVCPK8LmShTm4L5plOc,Cosmo,09LxneoTmRpuN3Jp8Ut4EX,1,59JGpUIrWjzqKt4R8YGdCI,Ho vinto,Tiki Bunker,5gnXcV3VtWBZH47UDKhKMC,34,https://p.scdn.co/mp3-preview/7f412fa210e93f5d08905fd5131d1cc4c6c68ea6?cid=e6971699b1de430f8161d4093d1d0d09,9,spotify:track:59JGpUIrWjzqKt4R8YGdCI
Kasambila,4PQrenXKw4u8kuPvH4fI3W,Stavroz,7su1fG75ZwXHA6ei9Zcy7T,1,4s799uVMwPaoj53LY6l365,Perron 11,Tiki Bunker,5gnXcV3VtWBZH47UDKhKMC,31,https://p.scdn.co/mp3-preview/937ffde04808b6781d7896965c72d78faa2ccadd?cid=e6971699b1de430f8161d4093d1d0d09,2,spotify:track:4s799uVMwPaoj53LY6l365
Kasambila,4PQrenXKw4u8kuPvH4fI3W,Stavroz,7su1fG75ZwXHA6ei9Zcy7T,1,7mnzEcaNC5S0VQZkGeDnI9,XS PLS,Tiki Bunker,5gnXcV3VtWBZH47UDKhKMC,29,https://p.scdn.co/mp3-preview/044df53d91ebe4538ccfa24fa14b1fc16257c4f3?cid=e6971699b1de430f8161d4093d1d0d09,4,spotify:track:7mnzEcaNC5S0VQZkGeDnI9
Take Flight,0d6ky7EGJ0DBxCsSR9R5SR,Maya Jane Coles,6TshTCYwh9ySzOO6Jy4Ux2,1,3MENfQT8Ezlbo66tw2vTOm,Blackout,Tiki Bunker,5gnXcV3VtWBZH47UDKhKMC,24,https://p.scdn.co/mp3-preview/658639a14153b397170a0fee5131e0f1adce4891?cid=e6971699b1de430f8161d4093d1d0d09,7,spotify:track:3MENfQT8Ezlbo66tw2vTOm
Microchip temporale,12oefbk3bd0IhHOw7DJqhq,Subsonica,7DzxfMQ3VNYR5vw2UFjzSK AND 09LxneoTmRpuN3Jp8Ut4EX,1,2ROvjto4euoyu8zbzpOw8p,Disco labirinto - feat. Cosmo,Tiki Bunker,5gnXcV3VtWBZH47UDKhKMC,40,https://p.scdn.co/mp3-preview/38c1fb5408e51a9600056449e54fa524880c3248?cid=e6971699b1de430f8161d4093d1d0d09,9,spotify:track:2ROvjto4euoyu8zbzpOw8p
Inevitable Ending,6s6K1UwwPh6lgmhLCQxv5s,Armen Miran,4qxDuHrnTYQkihZiJYLWdy AND 6rdTxNwQhUJTodUx7voWXO,1,6T6prTkN0PgnGPdW7lZ7Jv,Aldebaran - Original,Tiki Bunker,5gnXcV3VtWBZH47UDKhKMC,52,https://p.scdn.co/mp3-preview/ffe744b526b7e6ba009aa501da6c204c1cf98e13?cid=e6971699b1de430f8161d4093d1d0d09,2,spotify:track:6T6prTkN0PgnGPdW7lZ7Jv
Flauta EP,1if27g4UIZ8Vi0U4oeU5ab,OC & Verde,6wdPgZR2SnhEJ6DJ8L37lc,1,4xSdMJ0sX6HmDDtCdreo0Z,Gitarra - Original Mix,Tiki Bunker,5gnXcV3VtWBZH47UDKhKMC,7,https://p.scdn.co/mp3-preview/8ac683a65cc05d810235f1a0b579c6821f797938?cid=e6971699b1de430f8161d4093d1d0d09,2,spotify:track:4xSdMJ0sX6HmDDtCdreo0Z
Take Flight,0d6ky7EGJ0DBxCsSR9R5SR,Maya Jane Coles,6TshTCYwh9ySzOO6Jy4Ux2,2,1niDimYPcqcRffO28YC9mO,Cherry Bomb,Tiki Bunker,5gnXcV3VtWBZH47UDKhKMC,29,https://p.scdn.co/mp3-preview/d53362c46b74db2ecd9bc787f151e2b92de6c482?cid=e6971699b1de430f8161d4093d1d0d09,4,spotify:track:1niDimYPcqcRffO28YC9mO
Talabout,62iohnnT89r2oefahHfoqQ,Stavroz,7su1fG75ZwXHA6ei9Zcy7T,1,2YdVRrBe4q8RvflwV0l9rF,Merci éclair,Tiki Bunker,5gnXcV3VtWBZH47UDKhKMC,41,,4,spotify:track:2YdVRrBe4q8RvflwV0l9rF
All Back to the Mine: Volume I - A Collection of Remixes,2ugGAPGRIhvfTpnXUntZyW,Moloko,4aaBjq7VqqQvpSF69GglvO AND 0zdn1nNmOZXHZ9K28FvcFp,1,0TV9tmsVhPCSkjYDRnzHSX,Sing It Back - Herbert's Tasteful Dub,Tiki Bunker,5gnXcV3VtWBZH47UDKhKMC,40,https://p.scdn.co/mp3-preview/f5c0f5c7a6bdd3830e585eadeabfd640e7ddb772?cid=e6971699b1de430f8161d4093d1d0d09,22,spotify:track:0TV9tmsVhPCSkjYDRnzHSX
Swim,198uSF0lTPBy7PtflbPhGT,Caribou,4aEnNH9PuU1HF3TsZTru54,1,305tGJy16yTTFe6Ya9nMKJ,Odessa,Tiki Bunker,5gnXcV3VtWBZH47UDKhKMC,60,https://p.scdn.co/mp3-preview/a39f8a70a8d3ab50e16094e6a8c927600720ae19?cid=e6971699b1de430f8161d4093d1d0d09,1,spotify:track:305tGJy16yTTFe6Ya9nMKJ
Tu Conmigo (feat. La Bien Querida),07F9Ii8Fzr6ZRmtI4i9ZjN,Vitalic,4M84umUNRbZy1mJleyyRM9 AND 0Wn7tfH4rhaWTn8aMqSgh6,1,1iwlcuUPrXcK69pZf1Ll6b,Tu Conmigo (feat. La Bien Querida),Tiki Bunker,5gnXcV3VtWBZH47UDKhKMC,33,https://p.scdn.co/mp3-preview/41f9d6b8f1e39c96f3740d6129073dcbe8be77f3?cid=e6971699b1de430f8161d4093d1d0d09,1,spotify:track:1iwlcuUPrXcK69pZf1Ll6b
TKOL RMX 1234567,47xaqCsJcYFWqD1gwujl1T,Radiohead,4Z8W4fKeB5YxbusRsdQVPb,1,0tKuiKb2mazZYdA6fPP7kI,Good Evening Mrs Magpie (Modeselektor RMX),Tiki Bunker,5gnXcV3VtWBZH47UDKhKMC,1,,15,spotify:track:0tKuiKb2mazZYdA6fPP7kI
Swim Remixes,1hBi0CR89FPzDUIEhIOtZM,Caribou,4aEnNH9PuU1HF3TsZTru54 AND 1kR99O4MgSTasyeJh8UFCg,1,5mIdtUqyhB0bKCZZSYzClk,Odessa - DJ Koze's Campfire,Tiki Bunker,5gnXcV3VtWBZH47UDKhKMC,11,https://p.scdn.co/mp3-preview/9aca313665c9086afd4348b9377d45bd44e5a09e?cid=e6971699b1de430f8161d4093d1d0d09,15,spotify:track:5mIdtUqyhB0bKCZZSYzClk
Blood Remixed,1AvkRISSdzC7cq7eLoS5w1,Rhye,2AcUPzkVWo81vumdzeLLRN AND 5szdY7KaSi7epwyffrbV8c,1,1hgX0ZmmP7IRRjUFCIBrnQ,Feel Your Weight - Poolside Remix,Tiki Bunker,5gnXcV3VtWBZH47UDKhKMC,68,https://p.scdn.co/mp3-preview/930f0acb97252c8a23e22a59448b219ae38c55bf?cid=e6971699b1de430f8161d4093d1d0d09,4,spotify:track:1hgX0ZmmP7IRRjUFCIBrnQ
Can't Stop Your Lovin' Remixes,3IiOUQ7i45L0JXjs2K6L5j,Poolside,5szdY7KaSi7epwyffrbV8c AND 3W9UldYu0xJcaOAw2SUTDI AND 587PA35pRGL1JwQr6idJbb,1,0RbHpuR5i12bkSGYcFF9Ez,Can't Stop Your Lovin' – NEIL FRANCES Remix,Tiki Bunker,5gnXcV3VtWBZH47UDKhKMC,19,https://p.scdn.co/mp3-preview/5dda6964a63a51af1f2e2ca93b2cdd664a9a430a?cid=e6971699b1de430f8161d4093d1d0d09,3,spotify:track:0RbHpuR5i12bkSGYcFF9Ez
Can't Stop Your Lovin' Remixes,3IiOUQ7i45L0JXjs2K6L5j,Poolside,5szdY7KaSi7epwyffrbV8c AND 3W9UldYu0xJcaOAw2SUTDI AND 4D42J3IJpcTm3zxzmZ7TCV,1,121Z9TphXTGIcC5NSLXY4Z,Can't Stop Your Lovin' – The Undercover Dream Lovers Remix,Tiki Bunker,5gnXcV3VtWBZH47UDKhKMC,17,https://p.scdn.co/mp3-preview/33da308b688e4898cdfd89d183b6bd895f22971b?cid=e6971699b1de430f8161d4093d1d0d09,4,spotify:track:121Z9TphXTGIcC5NSLXY4Z
Collected Reworks Vol. 1,34OJ56WQpx7Pbpp9fPfvUG,Foals,6FQqZYVfTNQ1pCqfkwVFEa AND 1tRBmMtER4fGrzrt8O9VpS,1,0S7W0XuxdKqCTZ2rZqXE7Q,Into the Surf - Hot Since 82 Remix,Tiki Bunker,5gnXcV3VtWBZH47UDKhKMC,2,,4,spotify:track:0S7W0XuxdKqCTZ2rZqXE7Q
Buddha Bar Beach : Barcelona,2J1uvaTvDyQUhZ2NWxbJa2,Nu,5tY2sa8I11tpMuhU9onQ6e,2,4VeBmV1SosmgZLUQfwMH5i,Man O To (Be Svendsen Remix),Tiki Bunker,5gnXcV3VtWBZH47UDKhKMC,44,https://p.scdn.co/mp3-preview/a12432de218f298df46ff6d908e8c55d204e2b82?cid=e6971699b1de430f8161d4093d1d0d09,1,spotify:track:4VeBmV1SosmgZLUQfwMH5i
Indoor Voyager EP,29wjqxriGDiYH1kFs4njxY,Oceanvs Orientalis,3gNEIgLeknpwkNViU8WAhg,1,43Mgum9KYTzd7JMW4HNlfR,Tarlabasi,Tiki Bunker,5gnXcV3VtWBZH47UDKhKMC,46,https://p.scdn.co/mp3-preview/b18c064cb9cc9b1b7ea3268cbad4da446f18b853?cid=e6971699b1de430f8161d4093d1d0d09,2,spotify:track:43Mgum9KYTzd7JMW4HNlfR
Scarecrow,492jSqPzISSUXIG3ZqDniw,Be Svendsen,4BaLB5aiExO29BEGVUisru AND 6q3W9kTktti93nDItAx8XH,1,4kGJhEhdNeWD6aFix6gTkd,Scarecrow,Tiki Bunker,5gnXcV3VtWBZH47UDKhKMC,46,https://p.scdn.co/mp3-preview/57d9402cb7500db35ebbb0aec4c8f9bc8d124f83?cid=e6971699b1de430f8161d4093d1d0d09,1,spotify:track:4kGJhEhdNeWD6aFix6gTkd
N1,54MTDjG0FaGFivU2FJhpYe,Fango,0Ey5SuiHfEJX8DZzwyENz1,1,6dcQREhfJQaNhRNMcl2pTt,N1 - Recubierto Mix,Tiki Bunker,5gnXcV3VtWBZH47UDKhKMC,3,https://p.scdn.co/mp3-preview/9e96379ac2cf07b633f3408ae7f61425e6d4818f?cid=e6971699b1de430f8161d4093d1d0d09,1,spotify:track:6dcQREhfJQaNhRNMcl2pTt
Aruma EP,2tpPFvDwSDYBVPCaZRJmm7,Daniel Rateuke,27NerKeEGofbhhDMEhagyq AND 43B3rN5TKnZLpfusky1fnp,1,5iyzeJumPA8OQ0eUs7esiz,Kofi - Cioz Remix,Tiki Bunker,5gnXcV3VtWBZH47UDKhKMC,27,https://p.scdn.co/mp3-preview/1f18f9e3d3b90b2244b43516dcc6480ed69fd8f3?cid=e6971699b1de430f8161d4093d1d0d09,4,spotify:track:5iyzeJumPA8OQ0eUs7esiz
Giske / Mozart,6awtZzHK0IUovkiZHgICkN,Lost Scripts,1gQtjH4GDmoATvZdGljZ6q,1,08iisVZldxcXhE0Fmlee2F,Giske,Tiki Bunker,5gnXcV3VtWBZH47UDKhKMC,8,https://p.scdn.co/mp3-preview/7f44fb4c41302aa32b49a836d90866c64dcdb43f?cid=e6971699b1de430f8161d4093d1d0d09,1,spotify:track:08iisVZldxcXhE0Fmlee2F
Version,28MabQRhGKx50tBIaghDcf,M. Negra,2KnRvSpcZaNV4rsaGSy7AB AND 7kJRd8zWmByU1AGpWyhBt3 AND 08jywfUS0hp8XYlYs0cvz8,1,2UekN23XQtwrVtwvd9TKDY,Sueno de Solentiname - Rampa Version,Tiki Bunker,5gnXcV3VtWBZH47UDKhKMC,4,,1,spotify:track:2UekN23XQtwrVtwvd9TKDY
Charlotte Adigéry,5dmbsfSHH8FmhxtCIHA4z0,Charlotte Adigéry,0h1gX589xBKUCijeC8Bewy,1,79GqAl8jlVALKUj7eQRe9C,"1,618",Tiki Bunker,5gnXcV3VtWBZH47UDKhKMC,41,https://p.scdn.co/mp3-preview/1705c3d4218ddfd9f4ebb859edd041e3e1b73af2?cid=e6971699b1de430f8161d4093d1d0d09,1,spotify:track:79GqAl8jlVALKUj7eQRe9C
With the Artists,0rrr4SP4dOoCynCyPFxA9j,Rhythm & Sound,5e5DeHuHjgcj0DbdrdYKMo,1,5zfR5yKsmAiyiH6AbaNiOY,King in My Empire,Tiki Bunker,5gnXcV3VtWBZH47UDKhKMC,43,https://p.scdn.co/mp3-preview/722a5e878283f9db5e26e8f53dfd481480ab3a30?cid=e6971699b1de430f8161d4093d1d0d09,1,spotify:track:5zfR5yKsmAiyiH6AbaNiOY
Nemesh,33efhm9KDfrsTq3S5CV9Ve,Moscoman,44F8g3iM4NgU5cisocTlTQ,1,4lOer7BBfkI68tyh7bdcgp,Pain Collection,Tiki Bunker,5gnXcV3VtWBZH47UDKhKMC,9,https://p.scdn.co/mp3-preview/5327473fc285976318957a1ac9569345cd316bf8?cid=e6971699b1de430f8161d4093d1d0d09,2,spotify:track:4lOer7BBfkI68tyh7bdcgp
Cosmogramma,5c7XChrHxYaqykCZLaGM5f,Flying Lotus,29XOeO6KIWxGthejQqn793,1,6psC59ooTxage8npmtg74G,Do The Astral Plane,Tiki Bunker,5gnXcV3VtWBZH47UDKhKMC,50,https://p.scdn.co/mp3-preview/19b3eb7e97dc5501ec5e5e813246e163d713b0c4?cid=e6971699b1de430f8161d4093d1d0d09,10,spotify:track:6psC59ooTxage8npmtg74G
The Wanderings Of The Avener,6dUvmAyjqJv11TAWNoxsBP,The Avener,0e6qzpphJHtObTSwD75mi0 AND 318VpIRUWele6jD0k3ldkT AND 5EGOerlVYxwqxaTLEWumBR,1,68KXGQF5ncvuNDIwlBHNpI,Fade Out Lines - Radio Edit,Tiki Bunker,5gnXcV3VtWBZH47UDKhKMC,31,https://p.scdn.co/mp3-preview/695fa16f3d32e51a66fede564e8d3a75a1f8998d?cid=e6971699b1de430f8161d4093d1d0d09,15,spotify:track:68KXGQF5ncvuNDIwlBHNpI
Reworked/Remixed,7JggdVIipgSShK1uk7N1hP,trentemøller,4O71i7ke5iIBX6RNSFoZbS,1,7IYXmCRPfUbzxJNO1dlxmM,Tide - Alternative Instrumental Version,Tiki Bunker,5gnXcV3VtWBZH47UDKhKMC,17,https://p.scdn.co/mp3-preview/1f2ea0256cbe00ab72f20b0c5619c71eb718ff13?cid=e6971699b1de430f8161d4093d1d0d09,11,spotify:track:7IYXmCRPfUbzxJNO1dlxmM
Reworked/Remixed,7JggdVIipgSShK1uk7N1hP,trentemøller,4O71i7ke5iIBX6RNSFoZbS AND 1oXiuCd5F0DcnmXH5KaM6N,1,0VQtCWS2rRoq0bqTVFZOt6,... Even Though You're With Another Girl - Kollektiv Turmstrasse Remix,Tiki Bunker,5gnXcV3VtWBZH47UDKhKMC,16,https://p.scdn.co/mp3-preview/8ae20548b1419e20e5e141a97dc0e81a2612ed99?cid=e6971699b1de430f8161d4093d1d0d09,20,spotify:track:0VQtCWS2rRoq0bqTVFZOt6
W,6QW0AjRzQmHoUxwT570bJX,Populous,5Uy8Skuxzxf38jMDTndKIU AND 7rs7LuOnKkLjxj3Lr8J90k,1,6QBxQiVY4ITJtwV7uGSDqw,Banda,Tiki Bunker,5gnXcV3VtWBZH47UDKhKMC,15,https://p.scdn.co/mp3-preview/c7239af27625dd4a7c241db79b5ab028234abe12?cid=e6971699b1de430f8161d4093d1d0d09,6,spotify:track:6QBxQiVY4ITJtwV7uGSDqw
"Is, Vol. 1 (S'Ardmusic Revisited)",0ab5JnF8emGteBhcsLQPtz,Arrogalla,1FcH3hHeVuLnWNZnwQq29l AND 0EkeJ6GVLK1AR4CxYsdNcq AND 0QFbEJKvK07HwzzDVmUo4h AND 2MfsilkTiFSCDIfWdVQTxP,1,6PwWoGdbvKVglyPqFmG6vM,Zte,Tiki Bunker,5gnXcV3VtWBZH47UDKhKMC,0,https://p.scdn.co/mp3-preview/f6028632cfbd78bf85200ca1af6642fd978d09dd?cid=e6971699b1de430f8161d4093d1d0d09,7,spotify:track:6PwWoGdbvKVglyPqFmG6vM
Fuego Nuevo,3jXvU3BbxtNU9q5XG4BvDh,Nicola Cruz,0OltT51j3hIkgaDJqqPzDn,1,7DrXaQF10NOAIqM1JGz8AE,Levanta Muertos,Tiki Bunker,5gnXcV3VtWBZH47UDKhKMC,42,https://p.scdn.co/mp3-preview/057e09b97dd20f8588a5043839599b578e7f53a2?cid=e6971699b1de430f8161d4093d1d0d09,1,spotify:track:7DrXaQF10NOAIqM1JGz8AE
Amore Cannibale,6OYg0yO2XskJ1tf9zlYIqj,Fabio Fabio,1k3YZ0dnxos9jQFo1daeZ0 AND 0r5tXd0KuqsscnpztlDQLW AND 6Ca7xVVvc6qPN6kV0BeLM2,1,5kFVH1MF4xIcAKZzPASGue,Alma,Tiki Bunker,5gnXcV3VtWBZH47UDKhKMC,10,https://p.scdn.co/mp3-preview/acf06df51af52535809dcd36fa653ce10ce3b21a?cid=e6971699b1de430f8161d4093d1d0d09,2,spotify:track:5kFVH1MF4xIcAKZzPASGue
"New Me, Same Us",3PuofR78j1BFBGBrNCCYUF,Little Dragon,6Tyzp9KzpiZ04DABQoedps,1,7v3L7zshuLhRZ0GOpXPtyE,Rush,Tiki Bunker,5gnXcV3VtWBZH47UDKhKMC,45,https://p.scdn.co/mp3-preview/b4941edab43fa3a3d37fe4f88679e8f46271c5b9?cid=e6971699b1de430f8161d4093d1d0d09,2,spotify:track:7v3L7zshuLhRZ0GOpXPtyE
A Hero's Death (Soulwax Remix),5s7L9VhyEkIY5M4yLadgVR,Fontaines D.C.,3SXwqSqAoBz9WCI9PDQzY6 AND 43mWhBXSflupNLuNjM5vff,1,2SHfsvx6kgQnbWD1us8RGp,A Hero's Death - Soulwax Remix,Tiki Bunker,5gnXcV3VtWBZH47UDKhKMC,53,https://p.scdn.co/mp3-preview/73dee5452d51923b8244c62afbc4869ab556f58b?cid=e6971699b1de430f8161d4093d1d0d09,1,spotify:track:2SHfsvx6kgQnbWD1us8RGp
BLD Remixes B,3wo0kiWBUgbqvs7Z4ogyBS,Acid Pauli,3LHqODf1hGAgZ5LTw1Gf4C AND 5nri3hyKmKBGAfvjBi0mK0,1,6rHvHqgMvGU5Yl1riRysdi,Jorge (Satori Remix),Tiki Bunker,5gnXcV3VtWBZH47UDKhKMC,0,,4,spotify:track:6rHvHqgMvGU5Yl1riRysdi
Nineteen Hundred And Eighty Five (Paul McCartney & Wings Vs. Timo Maas & James Teej) [Remixes],7d2T3afZ0ULzsOY4RJOFZ0,Paul McCartney,4STHEaNw4mPZ2tzheohgXB AND 3sFhA6G1N0gG1pszb6kk1m AND 1nN9sUUgtCl0Z9ciCLc48Q AND 7lx2Fs8ftKfXxOVPVHtbwK AND 68vO4fkFxLbWPxTSHosxsB,1,5HpmUpbx5z02oQ0YVDD1NY,Nineteen Hundred And Eighty Five (Paul McCartney & Wings Vs. Timo Maas & James Teej) [Tim Green Remix],Tiki Bunker,5gnXcV3VtWBZH47UDKhKMC,46,https://p.scdn.co/mp3-preview/9592c3ff6362ef2795bf408fa4ae488d0d60d27b?cid=e6971699b1de430f8161d4093d1d0d09,3,spotify:track:5HpmUpbx5z02oQ0YVDD1NY
"Take Off, Baby!",7wo10jLxb5sP1NyvkXcf4z,Ronald Christoph,694Mu9TpePnihtyxVNHBW2 AND 4CFVwKkEV3fPV2hr6ISfPH,1,53De5pp7L4umlJU7srhacZ,"Take Off, Baby! feat. Orlando - Original Mix",Tiki Bunker,5gnXcV3VtWBZH47UDKhKMC,60,https://p.scdn.co/mp3-preview/69a17aea996e8252284eeed3600ca42400de2048?cid=e6971699b1de430f8161d4093d1d0d09,1,spotify:track:53De5pp7L4umlJU7srhacZ
Hybridism Remixes,4nLv6zN3cc7riJID6quKYS,Nicola Cruz,0OltT51j3hIkgaDJqqPzDn AND 5RngP028ruE953uslcq7HC,1,3mOFbFnMrG93nCTaAcIGNU,Naeku - Multi Culti Micro Dub,Tiki Bunker,5gnXcV3VtWBZH47UDKhKMC,44,https://p.scdn.co/mp3-preview/46539475f27966aba9cbd1e1ebb481f92d30afcd?cid=e6971699b1de430f8161d4093d1d0d09,4,spotify:track:3mOFbFnMrG93nCTaAcIGNU
Your Eyes EP,2YDAkiQvMWYCHjK3ZA9NuD,L'As,0R5M5gTNk0mdnSEipWX7Fx,1,0Ivg2pw38LNHfhfufsG17Z,Your Eyes,UK,5ErnFXzS9dqRw1tDPcXUjM,0,,2,spotify:track:0Ivg2pw38LNHfhfufsG17Z
Nocturnal Sunshine,37mPe8HvuUrwMCKXRbyB9n,Nocturnal Sunshine,1BiGjy3Kg99ZgL7E2Qb4Td AND 2RwfRD2vlkdztGtVXENShq,1,0G2SpJw50aUbX1ZWfkbjzM,Believe,UK,5ErnFXzS9dqRw1tDPcXUjM,19,https://p.scdn.co/mp3-preview/d12bbd99799ea6293682b1afd30cbf1bc4a03da2?cid=e6971699b1de430f8161d4093d1d0d09,2,spotify:track:0G2SpJw50aUbX1ZWfkbjzM
Nocturnal Sunshine,37mPe8HvuUrwMCKXRbyB9n,Nocturnal Sunshine,1BiGjy3Kg99ZgL7E2Qb4Td,1,6HZUdEqK7MPSrZmWYNqqCO,Bass Bin,UK,5ErnFXzS9dqRw1tDPcXUjM,10,https://p.scdn.co/mp3-preview/8e8f3eadfd962523c538b94cb49198196c912e7e?cid=e6971699b1de430f8161d4093d1d0d09,8,spotify:track:6HZUdEqK7MPSrZmWYNqqCO
Take Flight,0d6ky7EGJ0DBxCsSR9R5SR,Maya Jane Coles,6TshTCYwh9ySzOO6Jy4Ux2,1,1SAKadezBQ2MDi9L7tdc7B,Weak,UK,5ErnFXzS9dqRw1tDPcXUjM,34,https://p.scdn.co/mp3-preview/c7e327ac51471461d5cb7cebe098ba14f7615bc4?cid=e6971699b1de430f8161d4093d1d0d09,1,spotify:track:1SAKadezBQ2MDi9L7tdc7B
Nocturnal Sunshine,37mPe8HvuUrwMCKXRbyB9n,Nocturnal Sunshine,1BiGjy3Kg99ZgL7E2Qb4Td,1,2qSrvpfC4B9MyM7gIqZ1pO,Intergalactic,UK,5ErnFXzS9dqRw1tDPcXUjM,10,https://p.scdn.co/mp3-preview/309026f2e36f84bce726aee0b97d8c7dda9555cf?cid=e6971699b1de430f8161d4093d1d0d09,10,spotify:track:2qSrvpfC4B9MyM7gIqZ1pO
Nocturnal Sunshine,37mPe8HvuUrwMCKXRbyB9n,Nocturnal Sunshine,1BiGjy3Kg99ZgL7E2Qb4Td AND 2W47Nby5KFaS1pdUt7qmCU,1,3coru6K81OhUVEqIzYPlXp,Down By the River,UK,5ErnFXzS9dqRw1tDPcXUjM,14,https://p.scdn.co/mp3-preview/c93c5bd187050aa0da8422ca6cfa22e5952c1cdb?cid=e6971699b1de430f8161d4093d1d0d09,7,spotify:track:3coru6K81OhUVEqIzYPlXp
You'll Understand,0wQTT0F4UhFDWp3yD0BndQ,Ross from Friends,1Ma3pJzPIrAyYPNRkp3SUF,1,0DRp685EnPxbJsF3tsZlC4,Talk to Me You'll Understand,UK,5ErnFXzS9dqRw1tDPcXUjM,0,,1,spotify:track:0DRp685EnPxbJsF3tsZlC4
Untrue,1C30LhZB9I48LdpVCRRYvq,Burial,0uCCBpmg6MrPb1KY2msceF,1,6KhPQZ76b0qvNtMXxyIfS4,Raver,UK,5ErnFXzS9dqRw1tDPcXUjM,39,https://p.scdn.co/mp3-preview/28ab1bfb061e68a2811b4251281ad22e5258ed70?cid=e6971699b1de430f8161d4093d1d0d09,13,spotify:track:6KhPQZ76b0qvNtMXxyIfS4
Kindred,2j42kxVAgj2oyIvsNNPWpT,Burial,0uCCBpmg6MrPb1KY2msceF,1,6bHaPPBKLFrldZmUS1Or4w,Kindred,UK,5ErnFXzS9dqRw1tDPcXUjM,27,https://p.scdn.co/mp3-preview/7ee21cf8dc49654f6f99e87f0f5171329cca4dae?cid=e6971699b1de430f8161d4093d1d0d09,1,spotify:track:6bHaPPBKLFrldZmUS1Or4w
Take Flight,0d6ky7EGJ0DBxCsSR9R5SR,Maya Jane Coles,6TshTCYwh9ySzOO6Jy4Ux2,2,1niDimYPcqcRffO28YC9mO,Cherry Bomb,UK,5ErnFXzS9dqRw1tDPcXUjM,29,https://p.scdn.co/mp3-preview/d53362c46b74db2ecd9bc787f151e2b92de6c482?cid=e6971699b1de430f8161d4093d1d0d09,4,spotify:track:1niDimYPcqcRffO28YC9mO
Take Flight,0d6ky7EGJ0DBxCsSR9R5SR,Maya Jane Coles,6TshTCYwh9ySzOO6Jy4Ux2,2,1Onm0c6amqoowxodkIeXwN,Starlight,UK,5ErnFXzS9dqRw1tDPcXUjM,20,https://p.scdn.co/mp3-preview/0cdd7326da74734aedddce5dbd5112d403a5090c?cid=e6971699b1de430f8161d4093d1d0d09,12,spotify:track:1Onm0c6amqoowxodkIeXwN
Untrue,1C30LhZB9I48LdpVCRRYvq,Burial,0uCCBpmg6MrPb1KY2msceF,1,6evpAJCR5GeeHDGgv3aXb3,Archangel,UK,5ErnFXzS9dqRw1tDPcXUjM,53,https://p.scdn.co/mp3-preview/bde0edc6afe4b8f728e7c65626ab02cc98dbf5ec?cid=e6971699b1de430f8161d4093d1d0d09,2,spotify:track:6evpAJCR5GeeHDGgv3aXb3
Be Mine (Throwing Snow Remix),5MkEjlDIGvNGqoTBDLA4ev,Tusks,2JexLbBGkh1FnSWF1uoehP AND 0Qur5LqqAVVunjY2PnjhUp,1,7wQRkOTY7EOSa7spsgDQ9c,Be Mine - Throwing Snow Remix,UK,5ErnFXzS9dqRw1tDPcXUjM,4,https://p.scdn.co/mp3-preview/cd31b2e05785e3b7d5d91e00167c7417cdeb9d15?cid=e6971699b1de430f8161d4093d1d0d09,1,spotify:track:7wQRkOTY7EOSa7spsgDQ9c
SBTRKT,5fP2kgfePJZF4nB1XqC1i8,SBTRKT,1O10apSOoAPjOu6UhUNmeI AND 5Mq7iqCWBzofK39FBqblNc,1,7eXESEtK5e9gDz7jLyOVDb,Right Thing to Do,UK,5ErnFXzS9dqRw1tDPcXUjM,6,,6,spotify:track:7eXESEtK5e9gDz7jLyOVDb
I See You,2PXy9USZAoTSdtrxfkPBnl,The xx,3iOvXCl6edW5Um0fXEBRXy,1,33B2QbtAj8mbDpwvGTOnBt,Dangerous,UK,5ErnFXzS9dqRw1tDPcXUjM,13,,1,spotify:track:33B2QbtAj8mbDpwvGTOnBt
You've Got The Love (Jamie xx Rework),6ehMwGARrrgvrOpyHAV1LA,Florence + The Machine,1moxjboGR7GNWYIMWsRjgG AND 3iOvXCl6edW5Um0fXEBRXy AND 7A0awCXkE1FtSU8B0qwOJQ,1,59Y2GLn55BVjX3UTMUDtTP,You've Got The Love - Jamie xx Rework,UK,5ErnFXzS9dqRw1tDPcXUjM,55,https://p.scdn.co/mp3-preview/6f0bf806482fb51f88b988e7f2a62607c10e8d13?cid=e6971699b1de430f8161d4093d1d0d09,1,spotify:track:59Y2GLn55BVjX3UTMUDtTP
Street Halo,4hpHMy9tJ8joxd0VfxJeIV,Burial,0uCCBpmg6MrPb1KY2msceF,1,7btprSJBgUaRSnseOOzQM6,Street Halo,UK,5ErnFXzS9dqRw1tDPcXUjM,27,https://p.scdn.co/mp3-preview/d6f73b2b14a44d8307d5e9757da8ab0c7edc5dc5?cid=e6971699b1de430f8161d4093d1d0d09,1,spotify:track:7btprSJBgUaRSnseOOzQM6
TKOL RMX 1234567,47xaqCsJcYFWqD1gwujl1T,Radiohead,4Z8W4fKeB5YxbusRsdQVPb,1,4raxzmnFq93jfKC8c3xcIv,Separator (Four Tet RMX),UK,5ErnFXzS9dqRw1tDPcXUjM,1,,8,spotify:track:4raxzmnFq93jfKC8c3xcIv
Process,2gUSWVHCOerKhJHZRwhVtN,Sampha,2WoVwexZuODvclzULjPQtm,1,37el170lJYr5CiWJFk207u,Blood on Me,UK,5ErnFXzS9dqRw1tDPcXUjM,12,,2,spotify:track:37el170lJYr5CiWJFk207u
Crush,1WwZwdTICfaZI51BIIEN9z,Floating Points,2AR42Ur9PcchQDtEdwkv4L,1,32oZUIwBlj0Q1houMhuTwQ,"Apoptose, Pt. 2",UK,5ErnFXzS9dqRw1tDPcXUjM,34,https://p.scdn.co/mp3-preview/658cc65e2542feebf272c3ae0e0f822bf8c891c2?cid=e6971699b1de430f8161d4093d1d0d09,12,spotify:track:32oZUIwBlj0Q1houMhuTwQ
TKOL RMX 1234567,47xaqCsJcYFWqD1gwujl1T,Radiohead,4Z8W4fKeB5YxbusRsdQVPb,1,1MheF7RyAsg9tuI6Vje9SB,Lotus Flower (SBTRKT RMX),UK,5ErnFXzS9dqRw1tDPcXUjM,1,,19,spotify:track:1MheF7RyAsg9tuI6Vje9SB
