album,album_id,artist,artists_id,disc_number,name,playlist,playlist_id,popularity,preview_url,track_number,uri
Champion Ep [RELOADED],2ZZE6tlNXMRPSgqlt5zW5B,Sam Binga,2oyU4eToyQkxAFjkB3blsi AND 3Q0LSoV64A2FTwAFCzyDyq AND 1pliPsl6yHIkyhtdo54ERZ AND 6X3QjCYg5HcTwO5FPVQj0J,1,Proud feat. Tiffanie Malvo - Enei Remix,M212,6eFYXFY2tYh3j2unXsyQPz,43,https://p.scdn.co/mp3-preview/630c442eea6442a3a4c0a15a693e87c525f84412?cid=e6971699b1de430f8161d4093d1d0d09,1,spotify:track:6VAn8Mro4VqbreBe7nyZ2F
Organic - Enei Remix,0X0AizUccqs8ypSk30HA60,Sam Binga,2oyU4eToyQkxAFjkB3blsi AND 3Q0LSoV64A2FTwAFCzyDyq AND 6X3QjCYg5HcTwO5FPVQj0J,1,Organic - Enei Remix,M212,6eFYXFY2tYh3j2unXsyQPz,32,https://p.scdn.co/mp3-preview/a65b2e9fb3b092f78ad996aa4d59d35fdc79288b?cid=e6971699b1de430f8161d4093d1d0d09,1,spotify:track:4UvcSI7Jk08tWPjB8pTzd7
Focus,3CRrH2lvO0U4kP6PCUbxGA,Lost City,3p3YeAttGcqoqvUoBKkXU9 AND 3Q0LSoV64A2FTwAFCzyDyq,1,Focus - JNGL Mix,M212,6eFYXFY2tYh3j2unXsyQPz,15,https://p.scdn.co/mp3-preview/24d16ff012226aa9d33f5e0f5cd069d44b155d79?cid=e6971699b1de430f8161d4093d1d0d09,3,spotify:track:1Xl6AHOlXKZP6va88YcaSr
Veteran (VIP),4VtHYtPbo7ElrAzN7CRHu4,Bou,35dxfY1wywqVRUEaVuMm13 AND 4LqFJ98PEA7gIrRtviMUmb,1,Veteran - VIP,M212,6eFYXFY2tYh3j2unXsyQPz,42,https://p.scdn.co/mp3-preview/aeb872c81c23f9a6a54461fbbae3e02c2e41ccf6?cid=e6971699b1de430f8161d4093d1d0d09,1,spotify:track:1v0671GGqimaoetFv1IvAZ
Dem Ah Sleep,1LP9GhVk1nykVYE4HCbJDu,Bukkha,7ADHSBDZKBUoay9s2qXfBA AND 5CnQz4KUACi1ZJrGWPVcr9 AND 3Q0LSoV64A2FTwAFCzyDyq,1,Dem Ah Sleep,M212,6eFYXFY2tYh3j2unXsyQPz,16,https://p.scdn.co/mp3-preview/ec18ff050335a6cfe5aa81010626d2ee7948e7f7?cid=e6971699b1de430f8161d4093d1d0d09,1,spotify:track:7tKynxRZ4pxHEj8upt13GR
Obliterate,6Y9h8ejXLLBu4U4orcRock,Bukkha,7ADHSBDZKBUoay9s2qXfBA AND 5i0Zy56VUkXEqxnnfckMoG AND 7vIqeUrMmLq6ULjRPZTKna,1,"Obliterate, Pt. I",M212,6eFYXFY2tYh3j2unXsyQPz,24,https://p.scdn.co/mp3-preview/69e491dddf46adfe0b3b032935dab04ab9b5d427?cid=e6971699b1de430f8161d4093d1d0d09,1,spotify:track:3qv4VwoRehFAvb5VKfzMVt
The Sauce / Untouchable,3dfnqLruP3FqIdPSxlJZn6,The Sauce,3pd9T0v8w1tURzhv7BQWRG,1,Untouchable,M212,6eFYXFY2tYh3j2unXsyQPz,10,https://p.scdn.co/mp3-preview/faafdc39f04f55559a5cfa49b1600a57b37a4a94?cid=e6971699b1de430f8161d4093d1d0d09,2,spotify:track:4gL7xmDKezsYrxwa9kUhGU
Raggamuffin Reloaded,7ck2hQEDtns36ZczA84H13,SHY FX,5oDtp2FC8VqBjTx1aT4P5j AND 4Dj3ahDCFjotIV1O5Ung6o AND 13saZpZnCDWOI9D4IJhp1f AND 3pd9T0v8w1tURzhv7BQWRG,1,Roll The Dice (feat. Stamina MC & Lily Allen) - The Sauce Remix,M212,6eFYXFY2tYh3j2unXsyQPz,36,https://p.scdn.co/mp3-preview/dd3b95d07f8906fa6cc9d36007c7ef2d086df43b?cid=e6971699b1de430f8161d4093d1d0d09,2,spotify:track:7AOAAqraAWrsqjl8U1UyLH
"Honey, I Shrunk The Rave, Vol. 1 (DJ Mix)",0Jn2rXkgAYZYcdqAi42FL7,SHY FX,5oDtp2FC8VqBjTx1aT4P5j AND 494OPqLjjEhjKil1G6MWho AND 3iL52u3kr14P6cTpB0VuEs AND 30kJfbEArK38I2RO6mmhxv,1,Badboy Business (feat. Kate Stewart & Mr. Williamz) [K.O.T.R VIP Remix] - Mixed,M212,6eFYXFY2tYh3j2unXsyQPz,30,https://p.scdn.co/mp3-preview/5d14382ae0ceb3a201e48c61548be5b521342957?cid=e6971699b1de430f8161d4093d1d0d09,12,spotify:track:20yEnARzV4WDZ3EEGpd5YH
Raggamuffin Reloaded,7ck2hQEDtns36ZczA84H13,SHY FX,5oDtp2FC8VqBjTx1aT4P5j AND 6bwkMlweHsBCpI2a0C5nnN AND 5uefF2o3y9SAAyyM9sT56w AND 2b4CwhkY6rAscPhxXVxDJl AND 28ee6rnxMl8AqwcroPfivP,1,"Balaclava (feat. MC Spyda, D Double E & Frisco) - Skeptical Remix",M212,6eFYXFY2tYh3j2unXsyQPz,41,https://p.scdn.co/mp3-preview/6e901ac9eea9ea6a69fe096177c7d29ebb59134a?cid=e6971699b1de430f8161d4093d1d0d09,3,spotify:track:4RIX11I5nRJTa6MmYJ6Vw9
Raggamuffin Reloaded,7ck2hQEDtns36ZczA84H13,SHY FX,5oDtp2FC8VqBjTx1aT4P5j AND 3iL52u3kr14P6cTpB0VuEs AND 3tgRH8lQ25Totz9QkeyC3n,1,Raggamuffin (feat. Mr. Williamz) - Potential Badboy Remix,M212,6eFYXFY2tYh3j2unXsyQPz,32,https://p.scdn.co/mp3-preview/8741553010acea1330e5c21066f0e3d67dcee980?cid=e6971699b1de430f8161d4093d1d0d09,4,spotify:track:7KZLIcZ28J52DlyLNrwqTu
Raggamuffin Reloaded,7ck2hQEDtns36ZczA84H13,SHY FX,5oDtp2FC8VqBjTx1aT4P5j AND 4rkmaLySgI7sl9cKfJ3tT8 AND 35dxfY1wywqVRUEaVuMm13,1,Warning (feat. Gappy Ranks) - Bou Remix,M212,6eFYXFY2tYh3j2unXsyQPz,48,https://p.scdn.co/mp3-preview/81eb8229d31bbe02710abda33d365c624917d2fa?cid=e6971699b1de430f8161d4093d1d0d09,5,spotify:track:7aT0lsCbzs9Bllb8cb4z1i
420,2njJe2F93obBK2HYtxF1Vh,Chopstick Dubplate,1llsKlMeU35w7oct8C2pxI AND 21rUy2j9GSkJ6ekaKv6A8N,1,Herbs Toast,M212,6eFYXFY2tYh3j2unXsyQPz,35,https://p.scdn.co/mp3-preview/9850e5edadc272529cf710e97ac37a2f9285dd46?cid=e6971699b1de430f8161d4093d1d0d09,1,spotify:track:6Z71pEZXkfxnrpbjIw72tU
Raggamuffin Reloaded,7ck2hQEDtns36ZczA84H13,SHY FX,5oDtp2FC8VqBjTx1aT4P5j AND 3iL52u3kr14P6cTpB0VuEs AND 494OPqLjjEhjKil1G6MWho AND 3OHnTiMsWYjSyj52aKmrBP,1,Badboy Business (feat. Kate Stewart & Mr. Williamz) - Kings Of The Rollers Remix,M212,6eFYXFY2tYh3j2unXsyQPz,27,https://p.scdn.co/mp3-preview/10543950278b4b7e881d729134ddcdada01e1544?cid=e6971699b1de430f8161d4093d1d0d09,6,spotify:track:6mJ0E3rIYagvUDsqO3sRen
Blue,3iJC6zOsnq5nzmFlzPMolJ,Sully,6ryGFEDvM7703b889hPUFZ,1,M141,M141,7fVARlHGTrSvkaNXhjSVxC,8,https://p.scdn.co/mp3-preview/791311dc4ab83c7e7d4f198b73646d34f5525ea1?cid=e6971699b1de430f8161d4093d1d0d09,8,spotify:track:06RgxHnsKF698qlyhT9y1B
Dark Dub,6bPu6rCdZDvPI9OXneX0hk,Coco Bryce,08hjAM9XAD28O0nWVKmlx5 AND 1jR7PWJW17d3h2kEUqW0Tu,1,Dark Dub - FFF Remix,M141,7fVARlHGTrSvkaNXhjSVxC,1,https://p.scdn.co/mp3-preview/94c8a4cb2f0cef5ab656e155db628fd6ac42d12a?cid=e6971699b1de430f8161d4093d1d0d09,6,spotify:track:7tK88QYYNNsIGCeofyOiAa
Compro,3yXIkSJWpudtgF0TZuB16U,Skee Mask,2qwi0hBvI2GrbkurOnw3hZ,1,Via Sub Mids,M141,7fVARlHGTrSvkaNXhjSVxC,33,https://p.scdn.co/mp3-preview/7d1e9c4ff8aca84f83cef115078dadd105e2ba75?cid=e6971699b1de430f8161d4093d1d0d09,5,spotify:track:45FAMJcFXi54enCDY0zUMy
The Sauce / Untouchable,3dfnqLruP3FqIdPSxlJZn6,The Sauce,3pd9T0v8w1tURzhv7BQWRG,1,The Sauce,M141,7fVARlHGTrSvkaNXhjSVxC,17,https://p.scdn.co/mp3-preview/a0a7042442ec825ccd3d2eafba2122aa045d0c12?cid=e6971699b1de430f8161d4093d1d0d09,1,spotify:track:5lcqMc6cLsTiCRx4rbj46b
Suddenly Remixes,1lulYXHFBSYd8Y1hbaPXzE,Caribou,4aEnNH9PuU1HF3TsZTru54 AND 2EFsfh1zewsSWhDINv7j1I,1,Sunny's Time - Logic1000 Remix,M141,7fVARlHGTrSvkaNXhjSVxC,33,https://p.scdn.co/mp3-preview/15f6bfaad44aad015a4bf90d17b184dd587adbec?cid=e6971699b1de430f8161d4093d1d0d09,4,spotify:track:7d2Viw3CPExe5TZeKFLbeP
Suddenly Remixes,1lulYXHFBSYd8Y1hbaPXzE,Caribou,4aEnNH9PuU1HF3TsZTru54 AND 2AR42Ur9PcchQDtEdwkv4L,1,Sister - Floating Points Remix,M141,7fVARlHGTrSvkaNXhjSVxC,36,https://p.scdn.co/mp3-preview/7decdc529a4e7c71c8d4b9b4b334d282114530b0?cid=e6971699b1de430f8161d4093d1d0d09,5,spotify:track:1qBCf4EqC2E2BFnCdRPrkD
Sun Gaze II,2UzEEr3LEKsLUKZQVCsXOo,Nicola Cruz,0OltT51j3hIkgaDJqqPzDn,1,Pagano - Original Mix,Tiki Bunker,5gnXcV3VtWBZH47UDKhKMC,32,https://p.scdn.co/mp3-preview/84031f0182458a834cda08be5896ec9176ffb130?cid=e6971699b1de430f8161d4093d1d0d09,1,spotify:track:1oOILQcYPk9FDfgcu8LzoH
Cantos de Vision,2FFMtf8Log72Ow5A3ExNv5,Nicola Cruz,0OltT51j3hIkgaDJqqPzDn,1,Tzantza,Tiki Bunker,5gnXcV3VtWBZH47UDKhKMC,47,https://p.scdn.co/mp3-preview/0762fe033fb77386eabe48365a7d122df60bac9e?cid=e6971699b1de430f8161d4093d1d0d09,1,spotify:track:2xixdZ2dxE00bX6A6jV17m
Visiones,62gKfe40f9KTZpkuGnbmED,Nicola Cruz,0OltT51j3hIkgaDJqqPzDn AND 3BQDgh6CjxVXMhy00YEx3G,1,Invocacion - Uji Remix,Tiki Bunker,5gnXcV3VtWBZH47UDKhKMC,31,https://p.scdn.co/mp3-preview/4d1bce7c7514b245b2f3fe1ace6f9dd1c43f6685?cid=e6971699b1de430f8161d4093d1d0d09,4,spotify:track:5auJid3318lKJOVzKfAGdW
Visiones,62gKfe40f9KTZpkuGnbmED,Nicola Cruz,0OltT51j3hIkgaDJqqPzDn AND 6QdAAViTbB6P2XWfWFuDBV,1,Bruxo - JAJA Remix,Tiki Bunker,5gnXcV3VtWBZH47UDKhKMC,35,https://p.scdn.co/mp3-preview/fcf58553041458a50f1642581c183ef71f8b8f52?cid=e6971699b1de430f8161d4093d1d0d09,2,spotify:track:3gYe1huwYTdioOT7Kob3k1
Prender el Alma,7Mz3hUKPxQMZco25qZ6sQF,Nicola Cruz,0OltT51j3hIkgaDJqqPzDn,1,Colibria,Tiki Bunker,5gnXcV3VtWBZH47UDKhKMC,53,https://p.scdn.co/mp3-preview/001707a8bda5207a27d638ff03b5cd0924e12c41?cid=e6971699b1de430f8161d4093d1d0d09,6,spotify:track:4mrkRBRhahbgcfimPihZVN
El Origen,0wOHl1sUUJ5fw2YLCClpyr,Rodrigo Gallardo,3fxdn6mfKvNFJ1Zx37On7W AND 1oXdrffaOVmxTsY90wSmbF,1,Maria Sabina,Tiki Bunker,5gnXcV3VtWBZH47UDKhKMC,39,https://p.scdn.co/mp3-preview/f2ddf5cc9735b2a37200e9290535bdf1a4df83cb?cid=e6971699b1de430f8161d4093d1d0d09,2,spotify:track:3Gy7zGBqXRp6MAlx5wXQgB
Significant Others,3LPOvF8M3DijXowBs1MdDr,Nicolas Jaar,5a0etAzO5V26gvlbmHzT9W,1,El Bandido,Tiki Bunker,5gnXcV3VtWBZH47UDKhKMC,57,https://p.scdn.co/mp3-preview/7ed3e4b3649fa080f8d8eadb01f46058fde7e4cb?cid=e6971699b1de430f8161d4093d1d0d09,3,spotify:track:0YQznyH9mJn6UTwWFHqy4b
Sirens,2EvZiOMBlC9b5hbjbZCjZv,Nicolas Jaar,5a0etAzO5V26gvlbmHzT9W,1,No,Tiki Bunker,5gnXcV3VtWBZH47UDKhKMC,53,https://p.scdn.co/mp3-preview/c5a84debcec700e7c32d76cbb78ecdc813ac3305?cid=e6971699b1de430f8161d4093d1d0d09,4,spotify:track:1fhIOXvolJoR1cIbS6ryyp
"Deja Vu, Vol. 1",0HntmvvabhcZAMeZZ8VMlP,Nicolas Jaar,5a0etAzO5V26gvlbmHzT9W,1,Mi Mujer - ’17 Remastered Edit,Tiki Bunker,5gnXcV3VtWBZH47UDKhKMC,14,https://p.scdn.co/mp3-preview/33e588cfa0b94a5d17e095fd90b9edf086d188a6?cid=e6971699b1de430f8161d4093d1d0d09,14,spotify:track:0wGMIUnEr6JIHXG9zFOShS
Prender el Alma,7Mz3hUKPxQMZco25qZ6sQF,Nicola Cruz,0OltT51j3hIkgaDJqqPzDn AND 1oXdrffaOVmxTsY90wSmbF,1,Equinoccio,Tiki Bunker,5gnXcV3VtWBZH47UDKhKMC,45,https://p.scdn.co/mp3-preview/aa126cced777d5f6f47e523b8638cfd2c03aacfa?cid=e6971699b1de430f8161d4093d1d0d09,8,spotify:track:0PKpSJUTYOT2EdWIhkDi01
Cenotes,7yxXs09QqG9iq1Mk6dsK5O,El Búho,1I7FVmvisCtSFzmm87mbLR,1,Manana Tepotzlan,Tiki Bunker,5gnXcV3VtWBZH47UDKhKMC,56,https://p.scdn.co/mp3-preview/8fe8c8d35c09b950a800ae00a4cba708dea1c0c4?cid=e6971699b1de430f8161d4093d1d0d09,4,spotify:track:73myc2rii2DVG3HpTkGOnl
Cosmic Waves,7iDSk8ynLZB3oEGFnYpn07,Robot Koch,47V6nyjOrUR98qv6gkYssI,1,Follow Birds,Tiki Bunker,5gnXcV3VtWBZH47UDKhKMC,8,https://p.scdn.co/mp3-preview/dac268a6e2e1954a34aab691353d54b63b115804?cid=e6971699b1de430f8161d4093d1d0d09,4,spotify:track:7FSDp0tqxA50yuMAOWggWL
Karma / Gueto De Gent,4NjCGfP3nJ32GJBi9A5Ng7,Phillipi & Rodrigo,6XaCe40GiIt7ujxQvfmvsp,1,Gueto de Gent,Tiki Bunker,5gnXcV3VtWBZH47UDKhKMC,42,https://p.scdn.co/mp3-preview/24346a392e448c47dd315c25ed56ef5ceccb8a63?cid=e6971699b1de430f8161d4093d1d0d09,2,spotify:track:0oR9XRneKUIefSfy5y0IJ8
Azulejos,226Q18LiqN0AXNR2AziLbJ,Populous,5Uy8Skuxzxf38jMDTndKIU AND 4rdJkXHNrMgowlwUdQAg8T,1,Azul Oro,Tiki Bunker,5gnXcV3VtWBZH47UDKhKMC,25,https://p.scdn.co/mp3-preview/7c66c9f05f9b7c7efe49b7e96ce072401b1f8201?cid=e6971699b1de430f8161d4093d1d0d09,3,spotify:track:3RpZI5WtSMr65hXMprVERn
Tributaries: A Remix Album (El Búho Remixes),05SkQ3cqcaIaP4Oo5N9r4i,Populous,5Uy8Skuxzxf38jMDTndKIU AND 1I7FVmvisCtSFzmm87mbLR,1,Alala - El Búho Remix,Tiki Bunker,5gnXcV3VtWBZH47UDKhKMC,27,https://p.scdn.co/mp3-preview/f1856d40fa95b7a6e55084f2b7fbbb6f7f7b2381?cid=e6971699b1de430f8161d4093d1d0d09,6,spotify:track:4wt26JSP0zVor9MCBcq3p4
Indoor Voyager EP,29wjqxriGDiYH1kFs4njxY,Oceanvs Orientalis,3gNEIgLeknpwkNViU8WAhg AND 0OltT51j3hIkgaDJqqPzDn,1,Tarlabasi - Nicola Cruz Remix,Tiki Bunker,5gnXcV3VtWBZH47UDKhKMC,23,https://p.scdn.co/mp3-preview/e52a6d9b270f3fd53d158157649a2d5fe5872824?cid=e6971699b1de430f8161d4093d1d0d09,4,spotify:track:0RUgqD8jiepLsHbx1jaaMV
Migration,2T64N96AVfsrRFJCUXQEoZ,Bonobo,0cmWgDlu9CwTgxPhf403hb AND 6FUsQ3dkSd27KwQ1iCugSV,1,Bambro Koyo Ganda,Tiki Bunker,5gnXcV3VtWBZH47UDKhKMC,58,https://p.scdn.co/mp3-preview/b6a27e42e030bda246c71e6bd794ea07bdb6dacf?cid=e6971699b1de430f8161d4093d1d0d09,7,spotify:track:5EGJ7e7frJjYja6H4afzoT
Los Ángeles,1vKoozkUisDPH7Jkg7NnDL,Mitú,3OlI3HjAc1LQUmd7wozF6k,1,Neko,Tiki Bunker,5gnXcV3VtWBZH47UDKhKMC,22,https://p.scdn.co/mp3-preview/dbefe79b3e9209e282d4723eced90c692c1c2974?cid=e6971699b1de430f8161d4093d1d0d09,3,spotify:track:3Fuz4z2P9YiMffbU7lkD4l
Battle Lines [Remixed],1rVRWqock6arU9LRN0jHgK,Bob Moses,6LHsnRBUYhFyt01PdKXAF5 AND 0evBopfnhhbHzmHebWTDx7,1,Back Down - Jonas Rathsman Remix,Tiki Bunker,5gnXcV3VtWBZH47UDKhKMC,21,https://p.scdn.co/mp3-preview/6fe39a74f7695522a8af16ceff23d58b0e5a4e61?cid=e6971699b1de430f8161d4093d1d0d09,7,spotify:track:26F3gKJIxsyt5ogSiUSFEU
Sol y Luna,0q0JtFDTRMuS0FzsVWRVzv,Alef,3AXR0vckCgEwDz8jXHkcvK,1,Sol,Tiki Bunker,5gnXcV3VtWBZH47UDKhKMC,52,https://p.scdn.co/mp3-preview/ee795bb1a59dff800a22f7ee847cf4caaa8eb544?cid=e6971699b1de430f8161d4093d1d0d09,1,spotify:track:4FlR74PQh9SUnxDyFkoK1a
Inversions,6q7Lbo9YK1gZ0Goo8YJkwj,Nicola Cruz,0OltT51j3hIkgaDJqqPzDn AND 1uwIzl6et4DJg5lbmyMW0g,1,Tzantza - Matanza Remix,Tiki Bunker,5gnXcV3VtWBZH47UDKhKMC,26,https://p.scdn.co/mp3-preview/3008a0892896e6d1d51856ab360b3acd33e4869c?cid=e6971699b1de430f8161d4093d1d0d09,4,spotify:track:5CvXgeQ0qvPZymhzdovYGD
Nyiduonge Drums,1brc8d6J9AUnNpiY1FvjEs,Owiny Sigoma Band,1C5MZsDbfzAMgDg0mOxCdY,1,Nyiduonge Drums,Tiki Bunker,5gnXcV3VtWBZH47UDKhKMC,32,https://p.scdn.co/mp3-preview/4022f6288df6f302750a2598635edb732834c4e6?cid=e6971699b1de430f8161d4093d1d0d09,1,spotify:track:1acFWHMOVQmMLxArojUxCZ
Cosmotronic,5gETVCPK8LmShTm4L5plOc,Cosmo,09LxneoTmRpuN3Jp8Ut4EX,1,L'amore,Tiki Bunker,5gnXcV3VtWBZH47UDKhKMC,44,https://p.scdn.co/mp3-preview/50536c4b5bc1166a32354bae13a651845776f519?cid=e6971699b1de430f8161d4093d1d0d09,6,spotify:track:1tF3VLbEhtSJK0KN04G6iV
Be Mine (Throwing Snow Remix),5MkEjlDIGvNGqoTBDLA4ev,Tusks,2JexLbBGkh1FnSWF1uoehP AND 0Qur5LqqAVVunjY2PnjhUp,1,Be Mine - Throwing Snow Remix,Tiki Bunker,5gnXcV3VtWBZH47UDKhKMC,5,,1,spotify:track:7wQRkOTY7EOSa7spsgDQ9c
Cosmotronic,5gETVCPK8LmShTm4L5plOc,Cosmo,09LxneoTmRpuN3Jp8Ut4EX,2,5 antimeridiane,Tiki Bunker,5gnXcV3VtWBZH47UDKhKMC,22,https://p.scdn.co/mp3-preview/105eec99de530fa0808422bec77b85f062a661a7?cid=e6971699b1de430f8161d4093d1d0d09,5,spotify:track:1C4sdKE2fBhvpQtuIte6Ab
Movimento,33E3nbaZSGWg8pcYYctxvX,Carrot Green,56LbkVrwiOOlCLoIPVeEhY AND 3jSvMIKT2Eo5mNvYN9ownN,1,Movimento - Noema's Luzes da Cidade Remix,Tiki Bunker,5gnXcV3VtWBZH47UDKhKMC,13,https://p.scdn.co/mp3-preview/b5f2a15dfc14fabfa7c4beb2a025fb72355a62e9?cid=e6971699b1de430f8161d4093d1d0d09,2,spotify:track:176U53VqK3no9NhQUPHoPL
Currents B-Sides & Remixes,04uXkrNhFJ1iWEo88MGPva,Tame Impala,5INjqkS1o8h1imAzPqGZBb AND 4Oov8BULUOBiX6UVpP04JW,1,Reality In Motion - GUM Remix,Tiki Bunker,5gnXcV3VtWBZH47UDKhKMC,39,,4,spotify:track:6aFxp3szJUOyI8MSDBKbFB
Prender el Alma,7Mz3hUKPxQMZco25qZ6sQF,Nicola Cruz,0OltT51j3hIkgaDJqqPzDn,1,Cumbia del Olvido,Tiki Bunker,5gnXcV3VtWBZH47UDKhKMC,64,https://p.scdn.co/mp3-preview/3838c67cf1cef08b8c1771531d08d9033679a09c?cid=e6971699b1de430f8161d4093d1d0d09,4,spotify:track:6qINThmTDYBm8twguFRueG
Cosmotronic,5gETVCPK8LmShTm4L5plOc,Cosmo,09LxneoTmRpuN3Jp8Ut4EX,1,Ho vinto,Tiki Bunker,5gnXcV3VtWBZH47UDKhKMC,34,https://p.scdn.co/mp3-preview/7f412fa210e93f5d08905fd5131d1cc4c6c68ea6?cid=e6971699b1de430f8161d4093d1d0d09,9,spotify:track:59JGpUIrWjzqKt4R8YGdCI
Kasambila,4PQrenXKw4u8kuPvH4fI3W,Stavroz,7su1fG75ZwXHA6ei9Zcy7T,1,Perron 11,Tiki Bunker,5gnXcV3VtWBZH47UDKhKMC,31,https://p.scdn.co/mp3-preview/937ffde04808b6781d7896965c72d78faa2ccadd?cid=e6971699b1de430f8161d4093d1d0d09,2,spotify:track:4s799uVMwPaoj53LY6l365
Kasambila,4PQrenXKw4u8kuPvH4fI3W,Stavroz,7su1fG75ZwXHA6ei9Zcy7T,1,XS PLS,Tiki Bunker,5gnXcV3VtWBZH47UDKhKMC,29,https://p.scdn.co/mp3-preview/044df53d91ebe4538ccfa24fa14b1fc16257c4f3?cid=e6971699b1de430f8161d4093d1d0d09,4,spotify:track:7mnzEcaNC5S0VQZkGeDnI9
Take Flight,0d6ky7EGJ0DBxCsSR9R5SR,Maya Jane Coles,6TshTCYwh9ySzOO6Jy4Ux2,1,Blackout,Tiki Bunker,5gnXcV3VtWBZH47UDKhKMC,23,https://p.scdn.co/mp3-preview/658639a14153b397170a0fee5131e0f1adce4891?cid=e6971699b1de430f8161d4093d1d0d09,7,spotify:track:3MENfQT8Ezlbo66tw2vTOm
Microchip temporale,12oefbk3bd0IhHOw7DJqhq,Subsonica,7DzxfMQ3VNYR5vw2UFjzSK AND 09LxneoTmRpuN3Jp8Ut4EX,1,Disco labirinto - feat. Cosmo,Tiki Bunker,5gnXcV3VtWBZH47UDKhKMC,40,https://p.scdn.co/mp3-preview/38c1fb5408e51a9600056449e54fa524880c3248?cid=e6971699b1de430f8161d4093d1d0d09,9,spotify:track:2ROvjto4euoyu8zbzpOw8p
Inevitable Ending,6s6K1UwwPh6lgmhLCQxv5s,Armen Miran,4qxDuHrnTYQkihZiJYLWdy AND 6rdTxNwQhUJTodUx7voWXO,1,Aldebaran - Original,Tiki Bunker,5gnXcV3VtWBZH47UDKhKMC,52,https://p.scdn.co/mp3-preview/ffe744b526b7e6ba009aa501da6c204c1cf98e13?cid=e6971699b1de430f8161d4093d1d0d09,2,spotify:track:6T6prTkN0PgnGPdW7lZ7Jv
Flauta EP,1if27g4UIZ8Vi0U4oeU5ab,OC & Verde,6wdPgZR2SnhEJ6DJ8L37lc,1,Gitarra - Original Mix,Tiki Bunker,5gnXcV3VtWBZH47UDKhKMC,7,https://p.scdn.co/mp3-preview/8ac683a65cc05d810235f1a0b579c6821f797938?cid=e6971699b1de430f8161d4093d1d0d09,2,spotify:track:4xSdMJ0sX6HmDDtCdreo0Z
Take Flight,0d6ky7EGJ0DBxCsSR9R5SR,Maya Jane Coles,6TshTCYwh9ySzOO6Jy4Ux2,2,Cherry Bomb,Tiki Bunker,5gnXcV3VtWBZH47UDKhKMC,28,https://p.scdn.co/mp3-preview/d53362c46b74db2ecd9bc787f151e2b92de6c482?cid=e6971699b1de430f8161d4093d1d0d09,4,spotify:track:1niDimYPcqcRffO28YC9mO
Talabout,62iohnnT89r2oefahHfoqQ,Stavroz,7su1fG75ZwXHA6ei9Zcy7T,1,Merci éclair,Tiki Bunker,5gnXcV3VtWBZH47UDKhKMC,39,,4,spotify:track:2YdVRrBe4q8RvflwV0l9rF
All Back to the Mine: Volume I - A Collection of Remixes,2ugGAPGRIhvfTpnXUntZyW,Moloko,4aaBjq7VqqQvpSF69GglvO AND 0zdn1nNmOZXHZ9K28FvcFp,1,Sing It Back - Herbert's Tasteful Dub,Tiki Bunker,5gnXcV3VtWBZH47UDKhKMC,41,https://p.scdn.co/mp3-preview/f5c0f5c7a6bdd3830e585eadeabfd640e7ddb772?cid=e6971699b1de430f8161d4093d1d0d09,22,spotify:track:0TV9tmsVhPCSkjYDRnzHSX
Swim,198uSF0lTPBy7PtflbPhGT,Caribou,4aEnNH9PuU1HF3TsZTru54,1,Odessa,Tiki Bunker,5gnXcV3VtWBZH47UDKhKMC,60,https://p.scdn.co/mp3-preview/a39f8a70a8d3ab50e16094e6a8c927600720ae19?cid=e6971699b1de430f8161d4093d1d0d09,1,spotify:track:305tGJy16yTTFe6Ya9nMKJ
Tu Conmigo (feat. La Bien Querida),07F9Ii8Fzr6ZRmtI4i9ZjN,Vitalic,4M84umUNRbZy1mJleyyRM9 AND 0Wn7tfH4rhaWTn8aMqSgh6,1,Tu Conmigo (feat. La Bien Querida),Tiki Bunker,5gnXcV3VtWBZH47UDKhKMC,33,https://p.scdn.co/mp3-preview/41f9d6b8f1e39c96f3740d6129073dcbe8be77f3?cid=e6971699b1de430f8161d4093d1d0d09,1,spotify:track:1iwlcuUPrXcK69pZf1Ll6b
TKOL RMX 1234567,47xaqCsJcYFWqD1gwujl1T,Radiohead,4Z8W4fKeB5YxbusRsdQVPb,1,Good Evening Mrs Magpie (Modeselektor RMX),Tiki Bunker,5gnXcV3VtWBZH47UDKhKMC,0,,15,spotify:track:0tKuiKb2mazZYdA6fPP7kI
Swim Remixes,1hBi0CR89FPzDUIEhIOtZM,Caribou,4aEnNH9PuU1HF3TsZTru54 AND 1kR99O4MgSTasyeJh8UFCg,1,Odessa - DJ Koze's Campfire,Tiki Bunker,5gnXcV3VtWBZH47UDKhKMC,10,https://p.scdn.co/mp3-preview/9aca313665c9086afd4348b9377d45bd44e5a09e?cid=e6971699b1de430f8161d4093d1d0d09,15,spotify:track:5mIdtUqyhB0bKCZZSYzClk
Blood Remixed,1AvkRISSdzC7cq7eLoS5w1,Rhye,2AcUPzkVWo81vumdzeLLRN AND 5szdY7KaSi7epwyffrbV8c,1,Feel Your Weight - Poolside Remix,Tiki Bunker,5gnXcV3VtWBZH47UDKhKMC,68,,4,spotify:track:1hgX0ZmmP7IRRjUFCIBrnQ
Can't Stop Your Lovin' Remixes,3IiOUQ7i45L0JXjs2K6L5j,Poolside,5szdY7KaSi7epwyffrbV8c AND 3W9UldYu0xJcaOAw2SUTDI AND 587PA35pRGL1JwQr6idJbb,1,Can't Stop Your Lovin' – NEIL FRANCES Remix,Tiki Bunker,5gnXcV3VtWBZH47UDKhKMC,18,https://p.scdn.co/mp3-preview/5dda6964a63a51af1f2e2ca93b2cdd664a9a430a?cid=e6971699b1de430f8161d4093d1d0d09,3,spotify:track:0RbHpuR5i12bkSGYcFF9Ez
Can't Stop Your Lovin' Remixes,3IiOUQ7i45L0JXjs2K6L5j,Poolside,5szdY7KaSi7epwyffrbV8c AND 3W9UldYu0xJcaOAw2SUTDI AND 4D42J3IJpcTm3zxzmZ7TCV,1,Can't Stop Your Lovin' – The Undercover Dream Lovers Remix,Tiki Bunker,5gnXcV3VtWBZH47UDKhKMC,17,https://p.scdn.co/mp3-preview/33da308b688e4898cdfd89d183b6bd895f22971b?cid=e6971699b1de430f8161d4093d1d0d09,4,spotify:track:121Z9TphXTGIcC5NSLXY4Z
Collected Reworks Vol. 1,34OJ56WQpx7Pbpp9fPfvUG,Foals,6FQqZYVfTNQ1pCqfkwVFEa AND 1tRBmMtER4fGrzrt8O9VpS,1,Into the Surf - Hot Since 82 Remix,Tiki Bunker,5gnXcV3VtWBZH47UDKhKMC,1,,4,spotify:track:0S7W0XuxdKqCTZ2rZqXE7Q
Buddha Bar Beach : Barcelona,2J1uvaTvDyQUhZ2NWxbJa2,Nu,5tY2sa8I11tpMuhU9onQ6e,2,Man O To (Be Svendsen Remix),Tiki Bunker,5gnXcV3VtWBZH47UDKhKMC,43,https://p.scdn.co/mp3-preview/a12432de218f298df46ff6d908e8c55d204e2b82?cid=e6971699b1de430f8161d4093d1d0d09,1,spotify:track:4VeBmV1SosmgZLUQfwMH5i
Indoor Voyager EP,29wjqxriGDiYH1kFs4njxY,Oceanvs Orientalis,3gNEIgLeknpwkNViU8WAhg,1,Tarlabasi,Tiki Bunker,5gnXcV3VtWBZH47UDKhKMC,45,https://p.scdn.co/mp3-preview/b18c064cb9cc9b1b7ea3268cbad4da446f18b853?cid=e6971699b1de430f8161d4093d1d0d09,2,spotify:track:43Mgum9KYTzd7JMW4HNlfR
Scarecrow,492jSqPzISSUXIG3ZqDniw,Be Svendsen,4BaLB5aiExO29BEGVUisru AND 6q3W9kTktti93nDItAx8XH,1,Scarecrow,Tiki Bunker,5gnXcV3VtWBZH47UDKhKMC,46,https://p.scdn.co/mp3-preview/57d9402cb7500db35ebbb0aec4c8f9bc8d124f83?cid=e6971699b1de430f8161d4093d1d0d09,1,spotify:track:4kGJhEhdNeWD6aFix6gTkd
N1,54MTDjG0FaGFivU2FJhpYe,Fango,0Ey5SuiHfEJX8DZzwyENz1,1,N1 - Recubierto Mix,Tiki Bunker,5gnXcV3VtWBZH47UDKhKMC,3,https://p.scdn.co/mp3-preview/9e96379ac2cf07b633f3408ae7f61425e6d4818f?cid=e6971699b1de430f8161d4093d1d0d09,1,spotify:track:6dcQREhfJQaNhRNMcl2pTt
Aruma EP,2tpPFvDwSDYBVPCaZRJmm7,Daniel Rateuke,27NerKeEGofbhhDMEhagyq AND 43B3rN5TKnZLpfusky1fnp,1,Kofi - Cioz Remix,Tiki Bunker,5gnXcV3VtWBZH47UDKhKMC,27,https://p.scdn.co/mp3-preview/1f18f9e3d3b90b2244b43516dcc6480ed69fd8f3?cid=e6971699b1de430f8161d4093d1d0d09,4,spotify:track:5iyzeJumPA8OQ0eUs7esiz
Giske / Mozart,6awtZzHK0IUovkiZHgICkN,Lost Scripts,1gQtjH4GDmoATvZdGljZ6q,1,Giske,Tiki Bunker,5gnXcV3VtWBZH47UDKhKMC,8,https://p.scdn.co/mp3-preview/7f44fb4c41302aa32b49a836d90866c64dcdb43f?cid=e6971699b1de430f8161d4093d1d0d09,1,spotify:track:08iisVZldxcXhE0Fmlee2F
Version,28MabQRhGKx50tBIaghDcf,M. Negra,2KnRvSpcZaNV4rsaGSy7AB AND 7kJRd8zWmByU1AGpWyhBt3 AND 08jywfUS0hp8XYlYs0cvz8,1,Sueno de Solentiname - Rampa Version,Tiki Bunker,5gnXcV3VtWBZH47UDKhKMC,3,,1,spotify:track:2UekN23XQtwrVtwvd9TKDY
Charlotte Adigéry,5dmbsfSHH8FmhxtCIHA4z0,Charlotte Adigéry,0h1gX589xBKUCijeC8Bewy,1,"1,618",Tiki Bunker,5gnXcV3VtWBZH47UDKhKMC,41,https://p.scdn.co/mp3-preview/1705c3d4218ddfd9f4ebb859edd041e3e1b73af2?cid=e6971699b1de430f8161d4093d1d0d09,1,spotify:track:79GqAl8jlVALKUj7eQRe9C
With the Artists,0rrr4SP4dOoCynCyPFxA9j,Rhythm & Sound,5e5DeHuHjgcj0DbdrdYKMo,1,King in My Empire,Tiki Bunker,5gnXcV3VtWBZH47UDKhKMC,43,https://p.scdn.co/mp3-preview/722a5e878283f9db5e26e8f53dfd481480ab3a30?cid=e6971699b1de430f8161d4093d1d0d09,1,spotify:track:5zfR5yKsmAiyiH6AbaNiOY
Nemesh,33efhm9KDfrsTq3S5CV9Ve,Moscoman,44F8g3iM4NgU5cisocTlTQ,1,Pain Collection,Tiki Bunker,5gnXcV3VtWBZH47UDKhKMC,9,https://p.scdn.co/mp3-preview/5327473fc285976318957a1ac9569345cd316bf8?cid=e6971699b1de430f8161d4093d1d0d09,2,spotify:track:4lOer7BBfkI68tyh7bdcgp
Cosmogramma,5c7XChrHxYaqykCZLaGM5f,Flying Lotus,29XOeO6KIWxGthejQqn793,1,Do The Astral Plane,Tiki Bunker,5gnXcV3VtWBZH47UDKhKMC,50,https://p.scdn.co/mp3-preview/19b3eb7e97dc5501ec5e5e813246e163d713b0c4?cid=e6971699b1de430f8161d4093d1d0d09,10,spotify:track:6psC59ooTxage8npmtg74G
The Wanderings Of The Avener,6dUvmAyjqJv11TAWNoxsBP,The Avener,0e6qzpphJHtObTSwD75mi0 AND 318VpIRUWele6jD0k3ldkT AND 5EGOerlVYxwqxaTLEWumBR,1,Fade Out Lines - Radio Edit,Tiki Bunker,5gnXcV3VtWBZH47UDKhKMC,31,,15,spotify:track:68KXGQF5ncvuNDIwlBHNpI
Reworked/Remixed,7JggdVIipgSShK1uk7N1hP,trentemøller,4O71i7ke5iIBX6RNSFoZbS,1,Tide - Alternative Instrumental Version,Tiki Bunker,5gnXcV3VtWBZH47UDKhKMC,17,https://p.scdn.co/mp3-preview/1f2ea0256cbe00ab72f20b0c5619c71eb718ff13?cid=e6971699b1de430f8161d4093d1d0d09,11,spotify:track:7IYXmCRPfUbzxJNO1dlxmM
Reworked/Remixed,7JggdVIipgSShK1uk7N1hP,trentemøller,4O71i7ke5iIBX6RNSFoZbS AND 1oXiuCd5F0DcnmXH5KaM6N,1,... Even Though You're With Another Girl - Kollektiv Turmstrasse Remix,Tiki Bunker,5gnXcV3VtWBZH47UDKhKMC,16,https://p.scdn.co/mp3-preview/8ae20548b1419e20e5e141a97dc0e81a2612ed99?cid=e6971699b1de430f8161d4093d1d0d09,20,spotify:track:0VQtCWS2rRoq0bqTVFZOt6
W,6QW0AjRzQmHoUxwT570bJX,Populous,5Uy8Skuxzxf38jMDTndKIU AND 7rs7LuOnKkLjxj3Lr8J90k,1,Banda,Tiki Bunker,5gnXcV3VtWBZH47UDKhKMC,15,https://p.scdn.co/mp3-preview/c7239af27625dd4a7c241db79b5ab028234abe12?cid=e6971699b1de430f8161d4093d1d0d09,6,spotify:track:6QBxQiVY4ITJtwV7uGSDqw
"Is, Vol. 1 (S'Ardmusic Revisited)",0ab5JnF8emGteBhcsLQPtz,Arrogalla,1FcH3hHeVuLnWNZnwQq29l AND 0EkeJ6GVLK1AR4CxYsdNcq AND 0QFbEJKvK07HwzzDVmUo4h AND 2MfsilkTiFSCDIfWdVQTxP,1,Zte,Tiki Bunker,5gnXcV3VtWBZH47UDKhKMC,0,https://p.scdn.co/mp3-preview/f6028632cfbd78bf85200ca1af6642fd978d09dd?cid=e6971699b1de430f8161d4093d1d0d09,7,spotify:track:6PwWoGdbvKVglyPqFmG6vM
Fuego Nuevo,3jXvU3BbxtNU9q5XG4BvDh,Nicola Cruz,0OltT51j3hIkgaDJqqPzDn,1,Levanta Muertos,Tiki Bunker,5gnXcV3VtWBZH47UDKhKMC,42,https://p.scdn.co/mp3-preview/057e09b97dd20f8588a5043839599b578e7f53a2?cid=e6971699b1de430f8161d4093d1d0d09,1,spotify:track:7DrXaQF10NOAIqM1JGz8AE
Amore Cannibale,6OYg0yO2XskJ1tf9zlYIqj,Fabio Fabio,1k3YZ0dnxos9jQFo1daeZ0 AND 0r5tXd0KuqsscnpztlDQLW AND 6Ca7xVVvc6qPN6kV0BeLM2,1,Alma,Tiki Bunker,5gnXcV3VtWBZH47UDKhKMC,10,https://p.scdn.co/mp3-preview/acf06df51af52535809dcd36fa653ce10ce3b21a?cid=e6971699b1de430f8161d4093d1d0d09,2,spotify:track:5kFVH1MF4xIcAKZzPASGue
"New Me, Same Us",3PuofR78j1BFBGBrNCCYUF,Little Dragon,6Tyzp9KzpiZ04DABQoedps,1,Rush,Tiki Bunker,5gnXcV3VtWBZH47UDKhKMC,45,https://p.scdn.co/mp3-preview/b4941edab43fa3a3d37fe4f88679e8f46271c5b9?cid=e6971699b1de430f8161d4093d1d0d09,2,spotify:track:7v3L7zshuLhRZ0GOpXPtyE
A Hero's Death (Soulwax Remix),5s7L9VhyEkIY5M4yLadgVR,Fontaines D.C.,3SXwqSqAoBz9WCI9PDQzY6 AND 43mWhBXSflupNLuNjM5vff,1,A Hero's Death - Soulwax Remix,Tiki Bunker,5gnXcV3VtWBZH47UDKhKMC,53,https://p.scdn.co/mp3-preview/73dee5452d51923b8244c62afbc4869ab556f58b?cid=e6971699b1de430f8161d4093d1d0d09,1,spotify:track:2SHfsvx6kgQnbWD1us8RGp
BLD Remixes B,3wo0kiWBUgbqvs7Z4ogyBS,Acid Pauli,3LHqODf1hGAgZ5LTw1Gf4C AND 5nri3hyKmKBGAfvjBi0mK0,1,Jorge (Satori Remix),Tiki Bunker,5gnXcV3VtWBZH47UDKhKMC,0,,4,spotify:track:6rHvHqgMvGU5Yl1riRysdi
Nineteen Hundred And Eighty Five (Paul McCartney & Wings Vs. Timo Maas & James Teej) [Remixes],7d2T3afZ0ULzsOY4RJOFZ0,Paul McCartney,4STHEaNw4mPZ2tzheohgXB AND 3sFhA6G1N0gG1pszb6kk1m AND 1nN9sUUgtCl0Z9ciCLc48Q AND 7lx2Fs8ftKfXxOVPVHtbwK AND 68vO4fkFxLbWPxTSHosxsB,1,Nineteen Hundred And Eighty Five (Paul McCartney & Wings Vs. Timo Maas & James Teej) [Tim Green Remix],Tiki Bunker,5gnXcV3VtWBZH47UDKhKMC,46,,3,spotify:track:5HpmUpbx5z02oQ0YVDD1NY
"Take Off, Baby!",7wo10jLxb5sP1NyvkXcf4z,Ronald Christoph,694Mu9TpePnihtyxVNHBW2 AND 4CFVwKkEV3fPV2hr6ISfPH,1,"Take Off, Baby! feat. Orlando - Original Mix",Tiki Bunker,5gnXcV3VtWBZH47UDKhKMC,61,https://p.scdn.co/mp3-preview/69a17aea996e8252284eeed3600ca42400de2048?cid=e6971699b1de430f8161d4093d1d0d09,1,spotify:track:53De5pp7L4umlJU7srhacZ
Hybridism Remixes,4nLv6zN3cc7riJID6quKYS,Nicola Cruz,0OltT51j3hIkgaDJqqPzDn AND 5RngP028ruE953uslcq7HC,1,Naeku - Multi Culti Micro Dub,Tiki Bunker,5gnXcV3VtWBZH47UDKhKMC,44,https://p.scdn.co/mp3-preview/46539475f27966aba9cbd1e1ebb481f92d30afcd?cid=e6971699b1de430f8161d4093d1d0d09,4,spotify:track:3mOFbFnMrG93nCTaAcIGNU
81b,1CA9a2MBzyJ6wvc7aiGReY,Joy Orbison,0aIpJqqTLf683ojWREc5lg,1,81b,Tiki Bunker,5gnXcV3VtWBZH47UDKhKMC,32,https://p.scdn.co/mp3-preview/25536e992516069100ca31f8f7dc0339e33f7d99?cid=e6971699b1de430f8161d4093d1d0d09,6,spotify:track:5wCDiFBZghbqUFDcIZcOyS
Your Eyes EP,2YDAkiQvMWYCHjK3ZA9NuD,L'As,0R5M5gTNk0mdnSEipWX7Fx,1,Your Eyes,UK,5ErnFXzS9dqRw1tDPcXUjM,0,,2,spotify:track:0Ivg2pw38LNHfhfufsG17Z
Nocturnal Sunshine,37mPe8HvuUrwMCKXRbyB9n,Nocturnal Sunshine,1BiGjy3Kg99ZgL7E2Qb4Td AND 2RwfRD2vlkdztGtVXENShq,1,Believe,UK,5ErnFXzS9dqRw1tDPcXUjM,19,https://p.scdn.co/mp3-preview/d12bbd99799ea6293682b1afd30cbf1bc4a03da2?cid=e6971699b1de430f8161d4093d1d0d09,2,spotify:track:0G2SpJw50aUbX1ZWfkbjzM
Nocturnal Sunshine,37mPe8HvuUrwMCKXRbyB9n,Nocturnal Sunshine,1BiGjy3Kg99ZgL7E2Qb4Td,1,Bass Bin,UK,5ErnFXzS9dqRw1tDPcXUjM,10,https://p.scdn.co/mp3-preview/8e8f3eadfd962523c538b94cb49198196c912e7e?cid=e6971699b1de430f8161d4093d1d0d09,8,spotify:track:6HZUdEqK7MPSrZmWYNqqCO
Take Flight,0d6ky7EGJ0DBxCsSR9R5SR,Maya Jane Coles,6TshTCYwh9ySzOO6Jy4Ux2,1,Weak,UK,5ErnFXzS9dqRw1tDPcXUjM,34,https://p.scdn.co/mp3-preview/c7e327ac51471461d5cb7cebe098ba14f7615bc4?cid=e6971699b1de430f8161d4093d1d0d09,1,spotify:track:1SAKadezBQ2MDi9L7tdc7B
Nocturnal Sunshine,37mPe8HvuUrwMCKXRbyB9n,Nocturnal Sunshine,1BiGjy3Kg99ZgL7E2Qb4Td,1,Intergalactic,UK,5ErnFXzS9dqRw1tDPcXUjM,10,https://p.scdn.co/mp3-preview/309026f2e36f84bce726aee0b97d8c7dda9555cf?cid=e6971699b1de430f8161d4093d1d0d09,10,spotify:track:2qSrvpfC4B9MyM7gIqZ1pO
Nocturnal Sunshine,37mPe8HvuUrwMCKXRbyB9n,Nocturnal Sunshine,1BiGjy3Kg99ZgL7E2Qb4Td AND 2W47Nby5KFaS1pdUt7qmCU,1,Down By the River,UK,5ErnFXzS9dqRw1tDPcXUjM,14,https://p.scdn.co/mp3-preview/c93c5bd187050aa0da8422ca6cfa22e5952c1cdb?cid=e6971699b1de430f8161d4093d1d0d09,7,spotify:track:3coru6K81OhUVEqIzYPlXp
You'll Understand,0wQTT0F4UhFDWp3yD0BndQ,Ross from Friends,1Ma3pJzPIrAyYPNRkp3SUF,1,Talk to Me You'll Understand,UK,5ErnFXzS9dqRw1tDPcXUjM,0,,1,spotify:track:0DRp685EnPxbJsF3tsZlC4
Untrue,1C30LhZB9I48LdpVCRRYvq,Burial,0uCCBpmg6MrPb1KY2msceF,1,Raver,UK,5ErnFXzS9dqRw1tDPcXUjM,39,https://p.scdn.co/mp3-preview/28ab1bfb061e68a2811b4251281ad22e5258ed70?cid=e6971699b1de430f8161d4093d1d0d09,13,spotify:track:6KhPQZ76b0qvNtMXxyIfS4
Kindred,2j42kxVAgj2oyIvsNNPWpT,Burial,0uCCBpmg6MrPb1KY2msceF,1,Kindred,UK,5ErnFXzS9dqRw1tDPcXUjM,28,https://p.scdn.co/mp3-preview/7ee21cf8dc49654f6f99e87f0f5171329cca4dae?cid=e6971699b1de430f8161d4093d1d0d09,1,spotify:track:6bHaPPBKLFrldZmUS1Or4w
Take Flight,0d6ky7EGJ0DBxCsSR9R5SR,Maya Jane Coles,6TshTCYwh9ySzOO6Jy4Ux2,2,Cherry Bomb,UK,5ErnFXzS9dqRw1tDPcXUjM,28,https://p.scdn.co/mp3-preview/d53362c46b74db2ecd9bc787f151e2b92de6c482?cid=e6971699b1de430f8161d4093d1d0d09,4,spotify:track:1niDimYPcqcRffO28YC9mO
Take Flight,0d6ky7EGJ0DBxCsSR9R5SR,Maya Jane Coles,6TshTCYwh9ySzOO6Jy4Ux2,2,Starlight,UK,5ErnFXzS9dqRw1tDPcXUjM,20,https://p.scdn.co/mp3-preview/0cdd7326da74734aedddce5dbd5112d403a5090c?cid=e6971699b1de430f8161d4093d1d0d09,12,spotify:track:1Onm0c6amqoowxodkIeXwN
Untrue,1C30LhZB9I48LdpVCRRYvq,Burial,0uCCBpmg6MrPb1KY2msceF,1,Archangel,UK,5ErnFXzS9dqRw1tDPcXUjM,53,https://p.scdn.co/mp3-preview/bde0edc6afe4b8f728e7c65626ab02cc98dbf5ec?cid=e6971699b1de430f8161d4093d1d0d09,2,spotify:track:6evpAJCR5GeeHDGgv3aXb3
Be Mine (Throwing Snow Remix),5MkEjlDIGvNGqoTBDLA4ev,Tusks,2JexLbBGkh1FnSWF1uoehP AND 0Qur5LqqAVVunjY2PnjhUp,1,Be Mine - Throwing Snow Remix,UK,5ErnFXzS9dqRw1tDPcXUjM,5,,1,spotify:track:7wQRkOTY7EOSa7spsgDQ9c
SBTRKT,5fP2kgfePJZF4nB1XqC1i8,SBTRKT,1O10apSOoAPjOu6UhUNmeI AND 5Mq7iqCWBzofK39FBqblNc,1,Right Thing to Do,UK,5ErnFXzS9dqRw1tDPcXUjM,5,,6,spotify:track:7eXESEtK5e9gDz7jLyOVDb
I See You,2PXy9USZAoTSdtrxfkPBnl,The xx,3iOvXCl6edW5Um0fXEBRXy,1,Dangerous,UK,5ErnFXzS9dqRw1tDPcXUjM,11,,1,spotify:track:33B2QbtAj8mbDpwvGTOnBt
You've Got The Love (Jamie xx Rework),6ehMwGARrrgvrOpyHAV1LA,Florence + The Machine,1moxjboGR7GNWYIMWsRjgG AND 3iOvXCl6edW5Um0fXEBRXy AND 7A0awCXkE1FtSU8B0qwOJQ,1,You've Got The Love - Jamie xx Rework,UK,5ErnFXzS9dqRw1tDPcXUjM,55,,1,spotify:track:59Y2GLn55BVjX3UTMUDtTP
Street Halo,4hpHMy9tJ8joxd0VfxJeIV,Burial,0uCCBpmg6MrPb1KY2msceF,1,Street Halo,UK,5ErnFXzS9dqRw1tDPcXUjM,27,https://p.scdn.co/mp3-preview/d6f73b2b14a44d8307d5e9757da8ab0c7edc5dc5?cid=e6971699b1de430f8161d4093d1d0d09,1,spotify:track:7btprSJBgUaRSnseOOzQM6
TKOL RMX 1234567,47xaqCsJcYFWqD1gwujl1T,Radiohead,4Z8W4fKeB5YxbusRsdQVPb,1,Separator (Four Tet RMX),UK,5ErnFXzS9dqRw1tDPcXUjM,0,,8,spotify:track:4raxzmnFq93jfKC8c3xcIv
Process,2gUSWVHCOerKhJHZRwhVtN,Sampha,2WoVwexZuODvclzULjPQtm,1,Blood on Me,UK,5ErnFXzS9dqRw1tDPcXUjM,10,,2,spotify:track:37el170lJYr5CiWJFk207u
Crush,1WwZwdTICfaZI51BIIEN9z,Floating Points,2AR42Ur9PcchQDtEdwkv4L,1,"Apoptose, Pt. 2",UK,5ErnFXzS9dqRw1tDPcXUjM,34,https://p.scdn.co/mp3-preview/658cc65e2542feebf272c3ae0e0f822bf8c891c2?cid=e6971699b1de430f8161d4093d1d0d09,12,spotify:track:32oZUIwBlj0Q1houMhuTwQ
TKOL RMX 1234567,47xaqCsJcYFWqD1gwujl1T,Radiohead,4Z8W4fKeB5YxbusRsdQVPb,1,Lotus Flower (SBTRKT RMX),UK,5ErnFXzS9dqRw1tDPcXUjM,0,,19,spotify:track:1MheF7RyAsg9tuI6Vje9SB
Dévoué EP,5vakKRXyQnWPGVqaeLVjxg,Moscoman,44F8g3iM4NgU5cisocTlTQ AND 0RqwV2D7pE9Pzjr0JCEMlU,1,Dévoué - Manfredas Remix,Genuine Electronic Muzik,0aAdtuNFpazhZMWYcGMdjd,0,,4,spotify:track:4SijXTzj8COglOTbtH2nAg
We Love the Sun,2kx2pahMjae4I9bPgGZrF3,Nu,5tY2sa8I11tpMuhU9onQ6e AND 1HENXnw36gEIxRelAwrKRJ,1,Who Loves the Sun,Genuine Electronic Muzik,0aAdtuNFpazhZMWYcGMdjd,0,,1,spotify:track:0GCLyiQXeI7zXDKQ4jY1mB
Heligoland,1F8y2bg9V9nRoy8zuxo3Jt,Massive Attack,6FXMGgJwohJLUSr5nVlf9X,1,Splitting The Atom,Genuine Electronic Muzik,0aAdtuNFpazhZMWYcGMdjd,48,,3,spotify:track:1r9mGafUiSgumJoRqyLrSt
All Back to the Mine: Volume I - A Collection of Remixes,2ugGAPGRIhvfTpnXUntZyW,Moloko,4aaBjq7VqqQvpSF69GglvO AND 0zdn1nNmOZXHZ9K28FvcFp,1,Sing It Back - Herbert's Tasteful Dub,Genuine Electronic Muzik,0aAdtuNFpazhZMWYcGMdjd,41,https://p.scdn.co/mp3-preview/f5c0f5c7a6bdd3830e585eadeabfd640e7ddb772?cid=e6971699b1de430f8161d4093d1d0d09,22,spotify:track:0TV9tmsVhPCSkjYDRnzHSX
Caraxes,2GFDSkkSitcnyXKw4Wt4X7,Red Axes,5Owm9QgL9BSCRQKTX6T08G AND 0f5WhR4J5QIfykB15aOKNK,1,Xman,Genuine Electronic Muzik,0aAdtuNFpazhZMWYcGMdjd,7,https://p.scdn.co/mp3-preview/6c72f7d3930aadf6ebb6d8c1db2cb52bd8db542a?cid=e6971699b1de430f8161d4093d1d0d09,2,spotify:track:0T1SXqC7S7y9BwDAY7bkR8
Discovery,2noRn2Aes5aoNVsU6iWThc,Daft Punk,4tZwfgrHOc3mvqYlEYSvVi,1,"Harder, Better, Faster, Stronger",Genuine Electronic Muzik,0aAdtuNFpazhZMWYcGMdjd,78,https://p.scdn.co/mp3-preview/92a04c7c0e96bf93a1b1b1cae7dfff1921969a7b?cid=e6971699b1de430f8161d4093d1d0d09,4,spotify:track:5W3cjX2J3tjhG8zb6u0qHn
Late Sun,1JGBUKbvb8xKBddvKP0ASW,Kerala Dust,6lK8O3kyFThiTmgowQZGOH,1,Nevada,Genuine Electronic Muzik,0aAdtuNFpazhZMWYcGMdjd,50,,2,spotify:track:3gCskbRL90fyXnTg6kNaUu
2012 - 2017,1uzfGk9vxMXfaZ2avqwxod,Against All Logic,0ngUeF0DGpYmPec80MqSi1,1,Now U Got Me Hooked,Genuine Electronic Muzik,0aAdtuNFpazhZMWYcGMdjd,56,https://p.scdn.co/mp3-preview/2fb2e35f31c583a7451ec5ddbe168f01a1d7ffd1?cid=e6971699b1de430f8161d4093d1d0d09,8,spotify:track:5tIhRlNkApQJoDA8zhOBUY
"Tom Cruise, Scientologist",0APwG1xfzxreRC4pVwQldE,Future Sound of Antwerp,13mqzgrIbdo3ZnEuJ9vMLT,1,Volium,Genuine Electronic Muzik,0aAdtuNFpazhZMWYcGMdjd,20,https://p.scdn.co/mp3-preview/392647aed7e511a18fa81e3efc1d60fc6a1a1d40?cid=e6971699b1de430f8161d4093d1d0d09,3,spotify:track:4cu0z9kqreqACrWI3rT9fB
Tutto Nudo,5XBKbTBHbSRoyY2SY9tXB6,Curses,6Q6uLDktE9vha6MtIUMcp1 AND 1UwAmRz4cTqtxbv7pbB6pL,1,"Canini - Dreems ""Beautiful Mens Club"" Remix",Genuine Electronic Muzik,0aAdtuNFpazhZMWYcGMdjd,6,https://p.scdn.co/mp3-preview/ce474478f47c5aa62a8478bd4867a85345986645?cid=e6971699b1de430f8161d4093d1d0d09,5,spotify:track:0npooefTK3ge7JCIJPdmG6
Caminho de Dreyfus,6NoPz1lDLSRX4F2pXtpi7F,Red Axes,5Owm9QgL9BSCRQKTX6T08G,1,Sequência Astronomical,Genuine Electronic Muzik,0aAdtuNFpazhZMWYcGMdjd,10,https://p.scdn.co/mp3-preview/80304855e95ba59ae7153999e165f359697847b2?cid=e6971699b1de430f8161d4093d1d0d09,2,spotify:track:0FIPpAVjmLfE6Huu9BGWJF
Channel Tres,4pbf36fsCW0oe7myRLZEtz,Channel Tres,4cUkGQyhLFqKHBtL58HYVp,1,Glide,Genuine Electronic Muzik,0aAdtuNFpazhZMWYcGMdjd,35,https://p.scdn.co/mp3-preview/946a7007ed0fd0c76e67f371c2678dbb01d4bb1c?cid=e6971699b1de430f8161d4093d1d0d09,5,spotify:track:4gu6muvVHyq6tYqZHjseSw
What Kind Of Man (Nicolas Jaar Remix),7lprogCTi6b8gQyvsrHkuQ,Florence + The Machine,1moxjboGR7GNWYIMWsRjgG AND 5a0etAzO5V26gvlbmHzT9W,1,What Kind Of Man - Nicolas Jaar Remix,Genuine Electronic Muzik,0aAdtuNFpazhZMWYcGMdjd,0,,1,spotify:track:49rLVVt3RIOIMMzjWLYuMf
Easier,1Rmqz6ZTlsRqQup2cGEZ1B,Weval,12tZvy2xFpWSkuJ3FsfisZ,1,Gimme Some,Genuine Electronic Muzik,0aAdtuNFpazhZMWYcGMdjd,56,https://p.scdn.co/mp3-preview/e073ac401b35ac2d5e824f2d98ed215e772da8cd?cid=e6971699b1de430f8161d4093d1d0d09,1,spotify:track:6170lJSBtiM5trzOtHtdD2
Carcassonne,6KSXGt5A1QlDP2Cswx5mC3,Curses,6Q6uLDktE9vha6MtIUMcp1,1,Fire in the Smoke of a Changing Life,Genuine Electronic Muzik,0aAdtuNFpazhZMWYcGMdjd,21,https://p.scdn.co/mp3-preview/96921b97471924ef56221395bdc395c68a62d29e?cid=e6971699b1de430f8161d4093d1d0d09,1,spotify:track:4AUJ6nK4JFnT0GeheQncTb
FROM DEEWEE,5QHG3QISlkOJwxUEqVoCU1,Soulwax,43mWhBXSflupNLuNjM5vff,1,Missing Wires,Genuine Electronic Muzik,0aAdtuNFpazhZMWYcGMdjd,0,,3,spotify:track:4dN4THqbmDUY9RGao4pcu8
"Tom Cruise, Scientologist",0APwG1xfzxreRC4pVwQldE,Future Sound of Antwerp,13mqzgrIbdo3ZnEuJ9vMLT,1,"Tom Cruise, Scientologist",Genuine Electronic Muzik,0aAdtuNFpazhZMWYcGMdjd,12,https://p.scdn.co/mp3-preview/fcdc4d289b85ea5e897b6e89d5d4ca2e2df1f346?cid=e6971699b1de430f8161d4093d1d0d09,1,spotify:track:4Xu9sLCGGq9NnailGew49v
Heaven Scent,3h3n4PuvnhgigVDrTi6C87,Soulwax,43mWhBXSflupNLuNjM5vff AND 2wHNtBwYEwTG4pU4K9taDG,1,Heaven Scent,Genuine Electronic Muzik,0aAdtuNFpazhZMWYcGMdjd,46,https://p.scdn.co/mp3-preview/9ee6c89e20c5bee6d03b7c8dd2adc977668467a0?cid=e6971699b1de430f8161d4093d1d0d09,1,spotify:track:2T6JEq7d73tIY1XaKwXQQR
Are Friends Electric (Remixes),2hGl1QQTK9pAZ0nbOx1Nxl,Djedjotronic,5c8Rd2gCeW7KAdTnwWIZKL AND 6Q6uLDktE9vha6MtIUMcp1,1,Are Friends Electric - Curses Remix,Genuine Electronic Muzik,0aAdtuNFpazhZMWYcGMdjd,10,https://p.scdn.co/mp3-preview/2035b4a8b81b3f2658918a5b5ca6353a0c3b5823?cid=e6971699b1de430f8161d4093d1d0d09,4,spotify:track:6kY48oTqq3nSuwNq8FNpEo
2012 - 2017,1uzfGk9vxMXfaZ2avqwxod,Against All Logic,0ngUeF0DGpYmPec80MqSi1,1,This Old House Is All I Have,Genuine Electronic Muzik,0aAdtuNFpazhZMWYcGMdjd,55,https://p.scdn.co/mp3-preview/f1785f44cce3792af0fe42f0cffd4f8f848749a0?cid=e6971699b1de430f8161d4093d1d0d09,1,spotify:track:4SzmBRbDVmi0z4Lnc6H1Za
Cosmotronic,5gETVCPK8LmShTm4L5plOc,Cosmo,09LxneoTmRpuN3Jp8Ut4EX,2,5 antimeridiane,Genuine Electronic Muzik,0aAdtuNFpazhZMWYcGMdjd,22,https://p.scdn.co/mp3-preview/105eec99de530fa0808422bec77b85f062a661a7?cid=e6971699b1de430f8161d4093d1d0d09,5,spotify:track:1C4sdKE2fBhvpQtuIte6Ab
Swim,198uSF0lTPBy7PtflbPhGT,Caribou,4aEnNH9PuU1HF3TsZTru54,1,Sun,Genuine Electronic Muzik,0aAdtuNFpazhZMWYcGMdjd,47,https://p.scdn.co/mp3-preview/58c24c40502ada3035517f09685148af18d70bd1?cid=e6971699b1de430f8161d4093d1d0d09,2,spotify:track:0c7V10APHbimDgQppV8dFz
TKOL RMX 1234567,47xaqCsJcYFWqD1gwujl1T,Radiohead,4Z8W4fKeB5YxbusRsdQVPb,1,Little By Little (Caribou Rmx),Genuine Electronic Muzik,0aAdtuNFpazhZMWYcGMdjd,2,,1,spotify:track:6Unw1AAcpS1ZgZoRlj2jxA
Movimento,33E3nbaZSGWg8pcYYctxvX,Carrot Green,56LbkVrwiOOlCLoIPVeEhY AND 3jSvMIKT2Eo5mNvYN9ownN,1,Movimento - Noema's Luzes da Cidade Remix,Genuine Electronic Muzik,0aAdtuNFpazhZMWYcGMdjd,13,https://p.scdn.co/mp3-preview/b5f2a15dfc14fabfa7c4beb2a025fb72355a62e9?cid=e6971699b1de430f8161d4093d1d0d09,2,spotify:track:176U53VqK3no9NhQUPHoPL
Compilation 05,2IQ6ift8UvmORY4Re4NwCy,Khidja,1eJJjyICx5EOJ6ohqs4QIG,1,Gelatine,Genuine Electronic Muzik,0aAdtuNFpazhZMWYcGMdjd,0,https://p.scdn.co/mp3-preview/d0edb337b6146c2aedb160a2cbccfa81ccea2d16?cid=e6971699b1de430f8161d4093d1d0d09,2,spotify:track:2JOw5Bej4HFIHqswPeZ5a5
Love Songs: Part Two,324LXtvXAeKBeDIN1NkGuG,Romare,6d1HqiWNEKV9zFqQM9WeYo,1,All Night,Genuine Electronic Muzik,0aAdtuNFpazhZMWYcGMdjd,59,https://p.scdn.co/mp3-preview/6a0a4de69ab2daa935e867f5a4c6573ada18702b?cid=e6971699b1de430f8161d4093d1d0d09,2,spotify:track:04jqhpf3oV06HtlmthfcZZ
In my head,3dussgxgMwRfRPonct2RdG,John Bringwolves,0zT3ikJN0N8OJOPDuGLp93,1,In my head,Genuine Electronic Muzik,0aAdtuNFpazhZMWYcGMdjd,0,,1,spotify:track:6VRdCZwpQAcODFVQUMBsLa
Fujiya & Miyagi,2ehkJvV0N1u6gMYlKyFDJE,Fujiya & Miyagi,0j2MwhbFTvquOBhs3LeIfU,1,Extended Dance Mix,Genuine Electronic Muzik,0aAdtuNFpazhZMWYcGMdjd,27,https://p.scdn.co/mp3-preview/fcd673a762846668f73d31985ebe0be6d9114c2b?cid=e6971699b1de430f8161d4093d1d0d09,5,spotify:track:78cpNYM0hfREiFZchF8Gdp
Objekt #4,1dMTbnutjku3NdjGjsN3zK,Objekt,44z1nVVXZE8d4njcQmQLWc,1,Theme from Q,Genuine Electronic Muzik,0aAdtuNFpazhZMWYcGMdjd,34,https://p.scdn.co/mp3-preview/08ce2b93ca700dd36ab875d83d41e776b99b2d8c?cid=e6971699b1de430f8161d4093d1d0d09,2,spotify:track:7Bzyr2VDVOAIU4o0KpSWnp
Slow Porn presente Prise de Vue #1,1Ynf5vUGV74k02qHv8w6sa,CätCät,6oH5aZUWiPfOTm1gcFi5gh,1,Poison,Genuine Electronic Muzik,0aAdtuNFpazhZMWYcGMdjd,9,https://p.scdn.co/mp3-preview/5822de0ea0e5f0605a80d3ee65508053832f305b?cid=e6971699b1de430f8161d4093d1d0d09,4,spotify:track:5xgUX57tjz0I4bhWlM4XYV
Slow Porn presente Prise de Vue #1,1Ynf5vUGV74k02qHv8w6sa,Rodion,4G12bh08cCVQXa9pO4iIRe,1,Allemande,Genuine Electronic Muzik,0aAdtuNFpazhZMWYcGMdjd,2,https://p.scdn.co/mp3-preview/df62467114fd9bdf29403dc547f37ac816246c66?cid=e6971699b1de430f8161d4093d1d0d09,3,spotify:track:4QItqOFamfTj9bacGNp86r
Close to Paradise,7m5HR3MityBK69bGks8RZm,Soulwax,43mWhBXSflupNLuNjM5vff,1,Close to Paradise - Instrumental,Genuine Electronic Muzik,0aAdtuNFpazhZMWYcGMdjd,21,https://p.scdn.co/mp3-preview/12193eae253b385b7d62ff7c4f5799ced215de25?cid=e6971699b1de430f8161d4093d1d0d09,4,spotify:track:3wqPykKRNWrPRgTKDMKtGb
Defected presents DJ Haus In The House,4CbD1AdJ7h5e2t2PoEqpmf,MATRiXXMAN,2KYGpc3Hn1KG7uw7CxQB2y,1,The Spell - Original Mix,Genuine Electronic Muzik,0aAdtuNFpazhZMWYcGMdjd,0,https://p.scdn.co/mp3-preview/645d0b0a33731e8b2bc3d37f681bd7ac7c6d95ec?cid=e6971699b1de430f8161d4093d1d0d09,36,spotify:track:3E09jbJeMpaYJXJlG2dw9y
Surrender (Trentemøller Remix),4DKAJlf6YGZ1c1yCp21bMp,Savages,1WFsBUAgQmrGQQEUyFKS60,1,Surrender (Trentemøller Remix),Genuine Electronic Muzik,0aAdtuNFpazhZMWYcGMdjd,1,,1,spotify:track:2UGLwTvRN0CHLAhVlcBjCs
MASSEDUCTION,4RoOGpdrgfiIUyv0kLaC4e,St. Vincent,7bcbShaqKdcyjnmv4Ix8j6,1,Los Ageless,Genuine Electronic Muzik,0aAdtuNFpazhZMWYcGMdjd,59,,5,spotify:track:2qTy3hGSbxoSenKmlKGHFw
KITTY KITTY (Soulwax Remix),5g6lQq5kHyF9zoLzSXgzSg,De Staat,4rZJKub3qA5t1yYcT3qmm4 AND 43mWhBXSflupNLuNjM5vff,1,KITTY KITTY - Soulwax Remix,Genuine Electronic Muzik,0aAdtuNFpazhZMWYcGMdjd,28,,1,spotify:track:44kCqgGLRNRKHxFULx2xnh
TKOL RMX 1234567,47xaqCsJcYFWqD1gwujl1T,Radiohead,4Z8W4fKeB5YxbusRsdQVPb,1,Bloom (Objekt RMX),Genuine Electronic Muzik,0aAdtuNFpazhZMWYcGMdjd,0,,16,spotify:track:6M0NzgHVT1FL7vPIUTZlXD
Pharmacist,69GWqH8ye4qZCAM9nrc5ry,Mr. Oizo,0b9ukmbg0MO5eMlorcgOwz AND 2pHk4wAmL7ofTAuvCIUWtv,1,Pharmacist,Genuine Electronic Muzik,0aAdtuNFpazhZMWYcGMdjd,36,https://p.scdn.co/mp3-preview/b18b8145914cabc3deee110199a6820326f2fe49?cid=e6971699b1de430f8161d4093d1d0d09,1,spotify:track:4TjnO2vIsXNGBhlzovPIQB
Don't Break My Love,0nG4re1V4q1NXU7Hpzn7LL,Nicolas Jaar,5a0etAzO5V26gvlbmHzT9W AND 6frw6zaHCiKF24nG7ch52I,1,Never Have I Ever,JAARxMOSES,6iDEKH7MUnAm81WROwqI0m,31,https://p.scdn.co/mp3-preview/3fe476d1477fd4e8ca098735d6f962db1ca9970f?cid=e6971699b1de430f8161d4093d1d0d09,8,spotify:track:0cbv3ecIovigQf49ZT5ER1
Don't Break My Love,0nG4re1V4q1NXU7Hpzn7LL,Nicolas Jaar,5a0etAzO5V26gvlbmHzT9W AND 6frw6zaHCiKF24nG7ch52I AND 2ZEtnLILrDPXloC9ujwaJS AND 2qer1Dsx8cZq5PC3sgGU27,1,Ishmael,JAARxMOSES,6iDEKH7MUnAm81WROwqI0m,43,https://p.scdn.co/mp3-preview/797b291931f669b57f4348655f156676861ad1b6?cid=e6971699b1de430f8161d4093d1d0d09,9,spotify:track:0IqJyZCHwfjHNYmxn6mQKl
Space Is Only Noise,0tUJcqDuXHNkaPKLN0lQhT,Nicolas Jaar,5a0etAzO5V26gvlbmHzT9W,1,Problem With the Sun,JAARxMOSES,6iDEKH7MUnAm81WROwqI0m,38,https://p.scdn.co/mp3-preview/7be5a69be0702c1eefb7be9a82df55f4631d394f?cid=e6971699b1de430f8161d4093d1d0d09,6,spotify:track:7cY5B7UVLQjKoygggH7Iqo
Mare,29yzGNy0bGjYoSGVgpBSjR,Christian Löffler,3tSvlEzeDnVbQJBTkIA6nO,1,Neo,JAARxMOSES,6iDEKH7MUnAm81WROwqI0m,0,,4,spotify:track:5aPvGblIRwU3W27iPPgE37
Sirens,2EvZiOMBlC9b5hbjbZCjZv,Nicolas Jaar,5a0etAzO5V26gvlbmHzT9W,1,No,JAARxMOSES,6iDEKH7MUnAm81WROwqI0m,53,https://p.scdn.co/mp3-preview/c5a84debcec700e7c32d76cbb78ecdc813ac3305?cid=e6971699b1de430f8161d4093d1d0d09,4,spotify:track:1fhIOXvolJoR1cIbS6ryyp
Significant Others,3LPOvF8M3DijXowBs1MdDr,Nicolas Jaar,5a0etAzO5V26gvlbmHzT9W,1,El Bandido,JAARxMOSES,6iDEKH7MUnAm81WROwqI0m,57,https://p.scdn.co/mp3-preview/7ed3e4b3649fa080f8d8eadb01f46058fde7e4cb?cid=e6971699b1de430f8161d4093d1d0d09,3,spotify:track:0YQznyH9mJn6UTwWFHqy4b
Space Is Only Noise,0tUJcqDuXHNkaPKLN0lQhT,Nicolas Jaar,5a0etAzO5V26gvlbmHzT9W,1,Space Is Only Noise If You Can See,JAARxMOSES,6iDEKH7MUnAm81WROwqI0m,50,https://p.scdn.co/mp3-preview/5e3c333e428e0c57ab334cb57f019340dd137e5b?cid=e6971699b1de430f8161d4093d1d0d09,7,spotify:track:7uW6TpsG5sqP5JxTLV7Bf0
"Deja Vu, Vol. 1",0HntmvvabhcZAMeZZ8VMlP,Nicolas Jaar,5a0etAzO5V26gvlbmHzT9W,1,Mi Mujer - ’17 Remastered Edit,JAARxMOSES,6iDEKH7MUnAm81WROwqI0m,14,https://p.scdn.co/mp3-preview/33e588cfa0b94a5d17e095fd90b9edf086d188a6?cid=e6971699b1de430f8161d4093d1d0d09,14,spotify:track:0wGMIUnEr6JIHXG9zFOShS
Girl/Sleep Sound,1AQE19wKZonTmYjOFOJKTJ,Jamie xx,7A0awCXkE1FtSU8B0qwOJQ,1,Sleep Sound,JAARxMOSES,6iDEKH7MUnAm81WROwqI0m,9,,2,spotify:track:6YPQGcqfMXZbQaz6l30uBJ
Trust,4IQKpxGotCnhHIalkfopd9,Nicolas Jaar,5a0etAzO5V26gvlbmHzT9W AND 37E21F4GzjAtHzpi2gF99q AND 2ZEtnLILrDPXloC9ujwaJS,1,Why Didn't You Save Me - Dave Harrington Remix,JAARxMOSES,6iDEKH7MUnAm81WROwqI0m,19,https://p.scdn.co/mp3-preview/87c6e833822a5f6a0f35e6ac2bcf26a3378aed08?cid=e6971699b1de430f8161d4093d1d0d09,12,spotify:track:5AahruNhxh6yrzGlmsZ8L6
Pomegranates,3bFGxO5DQrgQyub8eFfxwj,Nicolas Jaar,5a0etAzO5V26gvlbmHzT9W,1,Tourists,JAARxMOSES,6iDEKH7MUnAm81WROwqI0m,33,https://p.scdn.co/mp3-preview/eacdbfe2e0ede31c9db29521d829eccdd397a407?cid=e6971699b1de430f8161d4093d1d0d09,14,spotify:track:22Zmt2SeQcMoHlWPqOdxjr
Nymphs III,4L33HnORfbu10k2Tm08est,Nicolas Jaar,5a0etAzO5V26gvlbmHzT9W,1,Swim,JAARxMOSES,6iDEKH7MUnAm81WROwqI0m,19,https://p.scdn.co/mp3-preview/5a97cf9fbf241aad45aa1f9a8c3ca682db01fef5?cid=e6971699b1de430f8161d4093d1d0d09,1,spotify:track:3Nxuf06SiBG9tLPIWUjLal
#000000 & #FFFFFF,2mKqHATk7WVbtazVkSe9w0,The Neighbourhood,77SW9BnxLY8rJ0RciFqkHh,1,Unfair,JAARxMOSES,6iDEKH7MUnAm81WROwqI0m,51,https://p.scdn.co/mp3-preview/589a414a130d666e38035a7adcd37cc947a4a5fa?cid=e6971699b1de430f8161d4093d1d0d09,14,spotify:track:0xD23i0X1WjqMSYIxRfO80
Sirens (deluxe edition),5jgnoe0auRKrLvvj4qO5VX,Nicolas Jaar,5a0etAzO5V26gvlbmHzT9W,1,America! I'm for the Birds,JAARxMOSES,6iDEKH7MUnAm81WROwqI0m,50,https://p.scdn.co/mp3-preview/2590349d38b6687d2707916260da4a1fd062cffe?cid=e6971699b1de430f8161d4093d1d0d09,9,spotify:track:7fnerefbjuEIsWbGzOgHdI
Hôtel Costes 15,5KqxZji4lOSNZ4c1DGLxVE,Maceo Plex,3TXQ1ddouwQAI78hV4hXDj,1,Gravy Train - Nicolas Jaar Remix,JAARxMOSES,6iDEKH7MUnAm81WROwqI0m,49,https://p.scdn.co/mp3-preview/15e4b1a422ae14e795508aac6c12ac0bec47b60c?cid=e6971699b1de430f8161d4093d1d0d09,13,spotify:track:5QmHSW3ERBIW0TdDCQKyzF
Space Is Only Noise,0tUJcqDuXHNkaPKLN0lQhT,Nicolas Jaar,5a0etAzO5V26gvlbmHzT9W,1,Colomb,JAARxMOSES,6iDEKH7MUnAm81WROwqI0m,45,https://p.scdn.co/mp3-preview/3d388c2306c1d13b2bbcd5ec97314429c2638bc9?cid=e6971699b1de430f8161d4093d1d0d09,2,spotify:track:5PV6r93MQICDlBiCEbURLZ
Diynamic Revisited (By David August),6XshfRU0fJlypu7mbA6lyx,Kollektiv Turmstrasse,1oXiuCd5F0DcnmXH5KaM6N AND 1cS5EoXVqz7aON00AkVBBA,1,Last Day - David August Revision,JAARxMOSES,6iDEKH7MUnAm81WROwqI0m,53,https://p.scdn.co/mp3-preview/6b537cf0098858e54184d40aeace248189579010?cid=e6971699b1de430f8161d4093d1d0d09,1,spotify:track:2pOaeeEj3eSRMMLlftPNHX
Ra (David August Remix),1krPrbbVto1obYwYJ9J8Kl,The Acid,0bRtSoJSpQdnbB3dWrWprR,1,Ra - David August Remix,JAARxMOSES,6iDEKH7MUnAm81WROwqI0m,0,,1,spotify:track:62QpZG3ole9TsFQFx1hn9D
Time for Us,1b6TEbqt3BVA43BtMnL7Yk,Nicolas Jaar,5a0etAzO5V26gvlbmHzT9W,1,Time for Us,JAARxMOSES,6iDEKH7MUnAm81WROwqI0m,56,https://p.scdn.co/mp3-preview/fb898f61be2286aa81236b959be533201cebf0a8?cid=e6971699b1de430f8161d4093d1d0d09,1,spotify:track:798mI116dJdZ12n9CkdflI
We Love the Sun,2kx2pahMjae4I9bPgGZrF3,Nu,5tY2sa8I11tpMuhU9onQ6e AND 1HENXnw36gEIxRelAwrKRJ,1,Who Loves the Sun,JAARxMOSES,6iDEKH7MUnAm81WROwqI0m,0,,1,spotify:track:0GCLyiQXeI7zXDKQ4jY1mB
Love You Gotta Lose Again,7LynW34WeaK5c032H9blp3,Nicolas Jaar,5a0etAzO5V26gvlbmHzT9W,1,WOUH,JAARxMOSES,6iDEKH7MUnAm81WROwqI0m,39,https://p.scdn.co/mp3-preview/066a1261a3f833f9c39380abf9fe02259245d789?cid=e6971699b1de430f8161d4093d1d0d09,1,spotify:track:0vQuHh4gOBnDJROteTrk3s
Sirens (deluxe edition),5jgnoe0auRKrLvvj4qO5VX,Nicolas Jaar,5a0etAzO5V26gvlbmHzT9W,1,A Coin in Nine Hands,JAARxMOSES,6iDEKH7MUnAm81WROwqI0m,36,https://p.scdn.co/mp3-preview/fd7020999af08dfe0baca5c559affc7dd5ec55a0?cid=e6971699b1de430f8161d4093d1d0d09,4,spotify:track:78ypfJBHBtGfB8in3bJ0xI
All In All,2ROQYFuwNtresrGarebbjN,Bob Moses,6LHsnRBUYhFyt01PdKXAF5,1,Grace,JAARxMOSES,6iDEKH7MUnAm81WROwqI0m,46,https://p.scdn.co/mp3-preview/51de2698db1540fd4611c3f357439a45c5673125?cid=e6971699b1de430f8161d4093d1d0d09,12,spotify:track:3FW78Lt1vIl7x27bdgXZXr
Days Gone By,0u3Rl4KquP15smujFrgGz4,Bob Moses,6LHsnRBUYhFyt01PdKXAF5,1,Tearing Me Up,JAARxMOSES,6iDEKH7MUnAm81WROwqI0m,61,https://p.scdn.co/mp3-preview/93067380705184ca32a4f0e101410e27b7bb50cf?cid=e6971699b1de430f8161d4093d1d0d09,5,spotify:track:6NDt5z8GKIHub37hBQ4x18
All Back to the Mine: Volume I - A Collection of Remixes,2ugGAPGRIhvfTpnXUntZyW,Moloko,4aaBjq7VqqQvpSF69GglvO AND 0zdn1nNmOZXHZ9K28FvcFp,1,Sing It Back - Herbert's Tasteful Dub,JAARxMOSES,6iDEKH7MUnAm81WROwqI0m,41,https://p.scdn.co/mp3-preview/f5c0f5c7a6bdd3830e585eadeabfd640e7ddb772?cid=e6971699b1de430f8161d4093d1d0d09,22,spotify:track:0TV9tmsVhPCSkjYDRnzHSX
The Inner Jukebox Remix EP,5sxpGleCpfpyX7TDfeyG0P,DJ T.,3gkLqGRDA19txXCSKXq6Gx,1,Gorilla Hug - Nicolas Jaar Remix,JAARxMOSES,6iDEKH7MUnAm81WROwqI0m,22,https://p.scdn.co/mp3-preview/ad815941ca878240f94517d76cc7e15a7fbb846a?cid=e6971699b1de430f8161d4093d1d0d09,3,spotify:track:2pKAih6I2SRg29BePMAiJ2
5oFoF: Five Years of Friends of Friends,6KtyfepfbZ4A67Bq4Bzekz,Shlohmo,6y80I9YZi4DOpbaSUlL725 AND 5a0etAzO5V26gvlbmHzT9W,2,Rained The Whole Time - Nicolas Jaar Remix,JAARxMOSES,6iDEKH7MUnAm81WROwqI0m,0,,2,spotify:track:7vTnV6xFNl7YfMPzGTknEt
Far From The Tree,790EXikIZHCkHOxtycm1tt,Bob Moses,6LHsnRBUYhFyt01PdKXAF5,1,Far From the Tree - Original Mix,JAARxMOSES,6iDEKH7MUnAm81WROwqI0m,0,,1,spotify:track:1CSUBLxwVE5n1Il5qd5fXx
Remix Crusades (2007-2013),3ebvYDbbG9vfNFpyPlCf1A,Kasper Bjørke,4xcn3zUUGf03kOIJueXHVp AND 5a0etAzO5V26gvlbmHzT9W,1,Heaven - Nicolas Jaar Remix,JAARxMOSES,6iDEKH7MUnAm81WROwqI0m,52,https://p.scdn.co/mp3-preview/f3daed62b2ba6487a13171f764b51715744e56d6?cid=e6971699b1de430f8161d4093d1d0d09,2,spotify:track:4WXIcBXdNAvsFKSMMqettI
Fiction,4fUxANSrGWQlRtF2kpxo6g,The xx,3iOvXCl6edW5Um0fXEBRXy,1,Fiction (Pearson Sound Remix),JAARxMOSES,6iDEKH7MUnAm81WROwqI0m,0,,3,spotify:track:06MNhSr4qvnWhvsavlyGIe
Blood On Me,43hQRnuVUstKeV2uc3DJXv,Sampha,2WoVwexZuODvclzULjPQtm,1,Blood On Me,JAARxMOSES,6iDEKH7MUnAm81WROwqI0m,0,,1,spotify:track:4JJIj448WHVYw2kEYfIj94
All In All,2ROQYFuwNtresrGarebbjN,Bob Moses,6LHsnRBUYhFyt01PdKXAF5,1,All I Want,JAARxMOSES,6iDEKH7MUnAm81WROwqI0m,54,https://p.scdn.co/mp3-preview/d3c43a7cc0e9641ad8305a5817addcfc47c3116f?cid=e6971699b1de430f8161d4093d1d0d09,3,spotify:track:3ZGHAc7tq5CQzfK7HsobCa
Days Gone By (Never Enough Edition),75t6bYopVP4tdwmIWwJqfv,Bob Moses,6LHsnRBUYhFyt01PdKXAF5,1,Writing On The Wall,JAARxMOSES,6iDEKH7MUnAm81WROwqI0m,26,https://p.scdn.co/mp3-preview/5cb8678774fd14e80ef9a2b2c69d786f28ef382c?cid=e6971699b1de430f8161d4093d1d0d09,9,spotify:track:42ChxZ9KG9V2B7Oxw1HXoh
Days Gone By (Never Enough Edition),75t6bYopVP4tdwmIWwJqfv,Bob Moses,6LHsnRBUYhFyt01PdKXAF5 AND 4jGpKAmwvU263l0tUh4xKU,1,Like It or Not - Joris Voorn Remix,JAARxMOSES,6iDEKH7MUnAm81WROwqI0m,30,https://p.scdn.co/mp3-preview/6302fa01d4651a983d2799ac9596492c8e7427af?cid=e6971699b1de430f8161d4093d1d0d09,14,spotify:track:0gob7FAHSVYipu1UF5CKzu
Process,2gUSWVHCOerKhJHZRwhVtN,Sampha,2WoVwexZuODvclzULjPQtm,1,Under,JAARxMOSES,6iDEKH7MUnAm81WROwqI0m,5,,7,spotify:track:2R1Q4cxCUuOK7SJzxblk5k
Days Gone By (Never Enough Edition),75t6bYopVP4tdwmIWwJqfv,Bob Moses,6LHsnRBUYhFyt01PdKXAF5,1,Too Much Is Never Enough,JAARxMOSES,6iDEKH7MUnAm81WROwqI0m,30,https://p.scdn.co/mp3-preview/98d53daf8abd90af5be120e131c3834907b170fc?cid=e6971699b1de430f8161d4093d1d0d09,4,spotify:track:2HmDlVZ5ljIsfAx925dDux
Days Gone By,0u3Rl4KquP15smujFrgGz4,Bob Moses,6LHsnRBUYhFyt01PdKXAF5,1,Days Gone By,JAARxMOSES,6iDEKH7MUnAm81WROwqI0m,35,https://p.scdn.co/mp3-preview/6a38fec4548ea0ea37b72be54d29636e6d7af959?cid=e6971699b1de430f8161d4093d1d0d09,8,spotify:track:1NE6Fap1gwfEN0RfWvCz34
Changing Days Remixes,3INHO1bM49KaLt14tS2mGj,Tale Of Us,1UL813H5aj3e8ekE5RqWqc AND 04KmByEP6icXVY0PvJaMMp,1,Primative People - Tale Of Us Remix,JAARxMOSES,6iDEKH7MUnAm81WROwqI0m,0,,1,spotify:track:6jL3DW4JPBZjfvTTBxCUd0
Man O To,4EHthKssV78iSBlgIafIY6,Nu,5tY2sa8I11tpMuhU9onQ6e,1,Man O To - Original Mix,JAARxMOSES,6iDEKH7MUnAm81WROwqI0m,59,https://p.scdn.co/mp3-preview/c967d1c3a5cb44e2ce45496c7cdd9f43ef565050?cid=e6971699b1de430f8161d4093d1d0d09,1,spotify:track:1jk9NRyYFKPgfCX9BnW6yW
All In All,2ROQYFuwNtresrGarebbjN,Bob Moses,6LHsnRBUYhFyt01PdKXAF5,1,I Ain't Gonna Be The First To Cry,JAARxMOSES,6iDEKH7MUnAm81WROwqI0m,46,https://p.scdn.co/mp3-preview/248a8ca8ca77409fc2c4140d8eddfc7610d7904b?cid=e6971699b1de430f8161d4093d1d0d09,11,spotify:track:440rPLtRngrFWgSJdLeTEc
Fool,63wPD3DlO5o9ywazV8S4ET,Nu feat. Jo Ke,65Ds2bV0xjLiEOMnFLcr1h,1,Fool,JAARxMOSES,6iDEKH7MUnAm81WROwqI0m,31,https://p.scdn.co/mp3-preview/eb604a51fd8978acf3d3d3a23a498ea29ae5327b?cid=e6971699b1de430f8161d4093d1d0d09,2,spotify:track:2xGt32eky1MNtDo9VEOMuG
Compilation 05,2IQ6ift8UvmORY4Re4NwCy,Javi Redondo,3sfZrnSyYWKIvdWIDuBaUy,1,Heroin,JAARxMOSES,6iDEKH7MUnAm81WROwqI0m,7,https://p.scdn.co/mp3-preview/13a538b1baf9f6be614af6533049acbf4b5eef56?cid=e6971699b1de430f8161d4093d1d0d09,10,spotify:track:261UO5CMqbHxJoBTxQOSe7
10 Jahre Permanent Vacation Raketenmix,347ltVvlOXeHRo4IqBNcXR,Mano Le Tough,04KmByEP6icXVY0PvJaMMp,1,Let's Not Talk About Love,JAARxMOSES,6iDEKH7MUnAm81WROwqI0m,3,https://p.scdn.co/mp3-preview/ecd3098747095c570de08b2c7692df674690af2f?cid=e6971699b1de430f8161d4093d1d0d09,3,spotify:track:5oBXzBlzEvIaYGelKHC4r7
Projections,3zzU2dSR6LpTlI4zd4Rgzj,Romare,6d1HqiWNEKV9zFqQM9WeYo,1,Work Song,JAARxMOSES,6iDEKH7MUnAm81WROwqI0m,30,https://p.scdn.co/mp3-preview/4ae7c55e6f586e1b8263a67cf8390f7505599f0d?cid=e6971699b1de430f8161d4093d1d0d09,2,spotify:track:3wfpfyx0GLP7Sd8OI5fNor
Rumpelzirkus,5tBW3IwQl1XCzH7uAYQb9L,Kalabrese,2MUENaxB93ZPNclZIDEMMV,1,Oisi Zuekunft,JAARxMOSES,6iDEKH7MUnAm81WROwqI0m,25,https://p.scdn.co/mp3-preview/8e38afc86da6cacc66191bc873dffc1768c13492?cid=e6971699b1de430f8161d4093d1d0d09,1,spotify:track:5xDp1mp1XQFU7mKDwMwC3D
Heal the World EP,5FbkeMFisH2dGK0dh9BVLh,Daniel Bortz,23B2qxOv4x5uzlyhfEuNQi,1,Rescue Me,JAARxMOSES,6iDEKH7MUnAm81WROwqI0m,12,https://p.scdn.co/mp3-preview/a6b14f86577d3753889206033144210c1f34d9e8?cid=e6971699b1de430f8161d4093d1d0d09,4,spotify:track:1HQKByqOuVBRv454BjmbW7
Blau - Monotonprodukt 02 26y++,6wWlQlWG70lu4Ak608lCqh,Monoton,0pHClCzELaycMPhkEUvv5Q AND 6vgEmdD32byh0UynGqIy1B,1,Ein Wort,JAARxMOSES,6iDEKH7MUnAm81WROwqI0m,28,https://p.scdn.co/mp3-preview/ff9873c09e573e83ea416e5bcfe12396e4c3a971?cid=e6971699b1de430f8161d4093d1d0d09,1,spotify:track:5xLU7eKWBDA8sTs9iRVLSZ
Losing the Orthodox Path,2W1bGIaFdyNI3BAuFnTeud,Roberto Musci,1HSz5qiRNcs8eJ0Sp2LOxw AND 3NF4v94nvKdVdOUUvZXS2q AND 7rM5y2Mdx4S0UQ5TUA6irA,1,The advent of rose + Croix,JAARxMOSES,6iDEKH7MUnAm81WROwqI0m,17,https://p.scdn.co/mp3-preview/efccdcb6c750aa4253ec464485e855aed55e7d99?cid=e6971699b1de430f8161d4093d1d0d09,2,spotify:track:6q6oXUgPTLT4y84xjCUOkP
From Night To Night,0Trwk3GtA8muvO9JhtPvFX,New Jackson,6zShblBoSrGrKtcv3OGOif,1,Anya's Piano,JAARxMOSES,6iDEKH7MUnAm81WROwqI0m,31,https://p.scdn.co/mp3-preview/72e9fb28b413dc45eb600683b86db57dd1c5eab8?cid=e6971699b1de430f8161d4093d1d0d09,8,spotify:track:6t5mMscpSNkNGQmA5YhjCb
Democracy (feat. Nicolas Jaar) – Single,2w7U5h4s3zYOEgECRomjug,Soul Keita,2jRvwiJbpQKnNBXJNZa30D AND 5a0etAzO5V26gvlbmHzT9W,1,"Democracy, I Was Thirsty",JAARxMOSES,6iDEKH7MUnAm81WROwqI0m,0,,2,spotify:track:0LiDychk9lPvq8FaqzinnS
Walls,3WDehXwreXBpYaOw3AumXj,Walls,4zLjvhhQ5WLRFCKPPgx8q6,1,Burnt Sienna,JAARxMOSES,6iDEKH7MUnAm81WROwqI0m,0,,1,spotify:track:76tt9XeWOOH9fvlC3drcid
"Giacinto Scelsi Collection, Vol. 3",5ak5M3LxfNNC3Z7B02PmVu,Giacinto Scelsi,1jn3OKI59KA2OJEwkUfaI6 AND 6N8VkPyxz8AF36OLN2yutw AND 2eJBRVHvQBceTQMCs7d2XC AND 2xCfButXs6mBr387ovpMSG AND 5IGBWznF8kjtTAe9R7eFfA,1,Aion: I. —,JAARxMOSES,6iDEKH7MUnAm81WROwqI0m,20,https://p.scdn.co/mp3-preview/ab97ed499ee502edfcc6176bd193082bc0a3b55b?cid=e6971699b1de430f8161d4093d1d0d09,1,spotify:track:5reOnWN5ykiXX0ymbOHXum
Pomegranates,3bFGxO5DQrgQyub8eFfxwj,Nicolas Jaar,5a0etAzO5V26gvlbmHzT9W,1,Divorce,JAARxMOSES,6iDEKH7MUnAm81WROwqI0m,21,https://p.scdn.co/mp3-preview/fd0392a81a5672bae4a706277095ac50e11ca7ce?cid=e6971699b1de430f8161d4093d1d0d09,12,spotify:track:4ZJ5dUxohNsOyJyckNDiUQ
Trust,4IQKpxGotCnhHIalkfopd9,Nikita Quasim,6fMGxThfrPRaeKPjRkoVp9,1,The Way I Felt Today,JAARxMOSES,6iDEKH7MUnAm81WROwqI0m,25,https://p.scdn.co/mp3-preview/2ac7ef9fdd12164aa83c800e460e0c98bdecf263?cid=e6971699b1de430f8161d4093d1d0d09,2,spotify:track:7cp3VNvhJSH4T6GaO6JWLl
Inès,73F34Ljut5Lx7Y4wf7jtw4,Soul Keita,2jRvwiJbpQKnNBXJNZa30D,1,Dusties n' 808s,JAARxMOSES,6iDEKH7MUnAm81WROwqI0m,32,https://p.scdn.co/mp3-preview/230e76bd74a5600129118986ef0d9fe0561cd61a?cid=e6971699b1de430f8161d4093d1d0d09,5,spotify:track:4nRmpjGqPeeNzztfMetkx7
Shields: B-Sides,1MPysIbKYmbuyPOo2cvPAH,Grizzly Bear,2Jv5eshHtLycR6R8KQCdc4 AND 5a0etAzO5V26gvlbmHzT9W,1,Sleeping Ute (Nicolas Jaar Remix),JAARxMOSES,6iDEKH7MUnAm81WROwqI0m,44,https://p.scdn.co/mp3-preview/73596e3dd84815264ad6e7d6a19aec3d25353493?cid=e6971699b1de430f8161d4093d1d0d09,6,spotify:track:6sLZmlIz35Igd2Itci5484
Ride into the Unknown EP,5Z6g7PTEvaD90nU6rNdzCY,Bedouin,5bKdC6382t97Qnpvs81Rqx,1,Hologram,JAARxMOSES,6iDEKH7MUnAm81WROwqI0m,44,https://p.scdn.co/mp3-preview/8cd8da3d16be950b64112c4292369e5a368cef84?cid=e6971699b1de430f8161d4093d1d0d09,2,spotify:track:0Sivh7rHHpbe8znqIMiT7f
Dataplex,7rEvZJWAIyqFGy7X62kOq4,Ryoji Ikeda,5y835stYdAVOoNOq5EBMxz,1,Data.Simplex,JAARxMOSES,6iDEKH7MUnAm81WROwqI0m,15,https://p.scdn.co/mp3-preview/23d2383b9a96e2657a49fc6d11d1ab1a0e3ea7a5?cid=e6971699b1de430f8161d4093d1d0d09,2,spotify:track:1OF9afIgNY8z96Gck5ZjcS
BLD Remixes B,3wo0kiWBUgbqvs7Z4ogyBS,Acid Pauli,3LHqODf1hGAgZ5LTw1Gf4C AND 5nri3hyKmKBGAfvjBi0mK0,1,Jorge (Satori Remix),JAARxMOSES,6iDEKH7MUnAm81WROwqI0m,0,,4,spotify:track:6rHvHqgMvGU5Yl1riRysdi
Ultraviolet,3cFONFMdjoCx5ybY1RJKha,Bearcubs,5iPtkyoEOCILhwFgl2a2d3,1,Paradise Lost,JAARxMOSES,6iDEKH7MUnAm81WROwqI0m,0,,10,spotify:track:7vBjkq3ITtxLjcw6htRRR7
"Sunset of a Clown, Vol. 1",4Aqg4hxJXm2X04PbrlqPHC,Soul Keita,2jRvwiJbpQKnNBXJNZa30D,1,Jude Nelson Is a Bassist,JAARxMOSES,6iDEKH7MUnAm81WROwqI0m,23,https://p.scdn.co/mp3-preview/98fecb6e2dbbb76054e4915b1f6315d97e0c71fc?cid=e6971699b1de430f8161d4093d1d0d09,3,spotify:track:09XmAiLqDgtZDmdU84Rgva
Landslide (Alyss & Bearcubs Rework),5jdb5uua5Z3dIiQLU8T4AZ,Bearcubs,5iPtkyoEOCILhwFgl2a2d3 AND 6h6jp2XsW3RvXdQs7Pfu4m,1,Landslide - Alyss & Bearcubs Rework,JAARxMOSES,6iDEKH7MUnAm81WROwqI0m,0,,1,spotify:track:7wm3bakFxCchB9RaPmhwkz
Gold Town EP,4lRnKRjkNJIDnodRWp7J4f,Stavroz,7su1fG75ZwXHA6ei9Zcy7T,1,Gold Town,JAARxMOSES,6iDEKH7MUnAm81WROwqI0m,51,https://p.scdn.co/mp3-preview/f1bab48d3be2d0a13a1c3aca5c9ab25ef156f959?cid=e6971699b1de430f8161d4093d1d0d09,3,spotify:track:7Hb5xRqDi0x1S1HQDDshIz
Cantos de Vision,2FFMtf8Log72Ow5A3ExNv5,Nicola Cruz,0OltT51j3hIkgaDJqqPzDn,1,Tzantza,JAARxMOSES,6iDEKH7MUnAm81WROwqI0m,47,https://p.scdn.co/mp3-preview/0762fe033fb77386eabe48365a7d122df60bac9e?cid=e6971699b1de430f8161d4093d1d0d09,1,spotify:track:2xixdZ2dxE00bX6A6jV17m
Visiones,62gKfe40f9KTZpkuGnbmED,Nicola Cruz,0OltT51j3hIkgaDJqqPzDn AND 36oy3scxRLRqG8uptf04vG,1,Tzantza - Simple Symmetry Remix,JAARxMOSES,6iDEKH7MUnAm81WROwqI0m,30,https://p.scdn.co/mp3-preview/457907395d430fa2815fbc523496e078d1fa6187?cid=e6971699b1de430f8161d4093d1d0d09,1,spotify:track:6biTy6ysJHR2Fhjlz4n8Ls
Visiones,62gKfe40f9KTZpkuGnbmED,Nicola Cruz,0OltT51j3hIkgaDJqqPzDn AND 6QdAAViTbB6P2XWfWFuDBV,1,Bruxo - JAJA Remix,JAARxMOSES,6iDEKH7MUnAm81WROwqI0m,35,https://p.scdn.co/mp3-preview/fcf58553041458a50f1642581c183ef71f8b8f52?cid=e6971699b1de430f8161d4093d1d0d09,2,spotify:track:3gYe1huwYTdioOT7Kob3k1
Untold / Unknown,5e0E5hdjTJA77vmTTtwOiU,Oceanvs Orientalis,3gNEIgLeknpwkNViU8WAhg,1,The Story of the Blue Snow,JAARxMOSES,6iDEKH7MUnAm81WROwqI0m,0,,2,spotify:track:2bUtmCqDIZs9DL4tC1ONf2
Dévoué EP,5vakKRXyQnWPGVqaeLVjxg,Moscoman,44F8g3iM4NgU5cisocTlTQ AND 0RqwV2D7pE9Pzjr0JCEMlU,1,Dévoué - Manfredas Remix,JAARxMOSES,6iDEKH7MUnAm81WROwqI0m,0,,4,spotify:track:4SijXTzj8COglOTbtH2nAg
With U,38gZC2f2R9PjLhfleeS6M4,Holy Other,7txCfGfh46OwoUBDPj4HKL,1,Touch,JAARxMOSES,6iDEKH7MUnAm81WROwqI0m,0,,3,spotify:track:0JIDF001wAm0sI7x41oqV6
Kasambila,4PQrenXKw4u8kuPvH4fI3W,Stavroz,7su1fG75ZwXHA6ei9Zcy7T,1,Zorrow,JAARxMOSES,6iDEKH7MUnAm81WROwqI0m,34,https://p.scdn.co/mp3-preview/6507433f84530701f89535982e7c0b1fab9a4e50?cid=e6971699b1de430f8161d4093d1d0d09,1,spotify:track:77O0WM5tFzVL4dgTN7mfJs
Allogamy,4TDJn34h55UMBelDvNmaEb,Polynation,4Rcol4u0q89lypqKI83GDz,1,Damp,JAARxMOSES,6iDEKH7MUnAm81WROwqI0m,27,https://p.scdn.co/mp3-preview/ffa97380fde5e0f0f4ded92d55455e53b877b363?cid=e6971699b1de430f8161d4093d1d0d09,2,spotify:track:4Op5xOkzl00en09AYT4cJ8
What Kind Of Man (Nicolas Jaar Remix),7lprogCTi6b8gQyvsrHkuQ,Florence + The Machine,1moxjboGR7GNWYIMWsRjgG AND 5a0etAzO5V26gvlbmHzT9W,1,What Kind Of Man - Nicolas Jaar Remix,JAARxMOSES,6iDEKH7MUnAm81WROwqI0m,0,,1,spotify:track:49rLVVt3RIOIMMzjWLYuMf
